video_url,video_id,video_title,author_name,video_category,comment_id,comment_text,comment_category,comment_time,like_count,reply_count,parent_comment_id,comment_level,user_name,crawl_time
https://v.douyin.com/VbdgIrHokHM/ 12/04 :5pm XMJ:/ J@V.Lw,7675895658934586664,为什么说那年你雷神叔叔选择了弹幕最多的救场方式 #雷神 #复仇者联盟 #漫威 #充能计划,私藏月色i,其他,,索尔这种人最精了，一句众神之父赐我力量就上了，也不管赐没赐。,其他,3周前·浙江,1.0万,58,,一级评论,user_f9def875838373d0,2026-09-11T13:33:43+08:00
https://v.douyin.com/VbdgIrHokHM/ 12/04 :5pm XMJ:/ J@V.Lw,7675895658934586664,为什么说那年你雷神叔叔选择了弹幕最多的救场方式 #雷神 #复仇者联盟 #漫威 #充能计划,私藏月色i,其他,,不要忘了你雷神叔叔是个神,其他,3周前·四川,7011,42,,一级评论,user_2e6c39241c0e131b,2026-09-11T13:33:43+08:00
https://v.douyin.com/VbdgIrHokHM/ 12/04 :5pm XMJ:/ J@V.Lw,7675895658934586664,为什么说那年你雷神叔叔选择了弹幕最多的救场方式 #雷神 #复仇者联盟 #漫威 #充能计划,私藏月色i,其他,,此时的雷神已经天下无敌了,其他,3周前·天津,2666,,,一级评论,user_8ea7f8f911148a33,2026-09-11T13:33:43+08:00
https://v.douyin.com/VbdgIrHokHM/ 12/04 :5pm XMJ:/ J@V.Lw,7675895658934586664,为什么说那年你雷神叔叔选择了弹幕最多的救场方式 #雷神 #复仇者联盟 #漫威 #充能计划,私藏月色i,其他,,第四部喝成良子了,其他,3周前·浙江,900,,,一级评论,user_233a682b7b671678,2026-09-11T13:33:43+08:00
https://v.douyin.com/VbdgIrHokHM/ 12/04 :5pm XMJ:/ J@V.Lw,7675895658934586664,为什么说那年你雷神叔叔选择了弹幕最多的救场方式 #雷神 #复仇者联盟 #漫威 #充能计划,私藏月色i,其他,,后面又减回来了,其他,3周前·江西,252,,,一级评论,user_1a24c15c10566cd1,2026-09-11T13:33:43+08:00
https://v.douyin.com/VbdgIrHokHM/ 12/04 :5pm XMJ:/ J@V.Lw,7675895658934586664,为什么说那年你雷神叔叔选择了弹幕最多的救场方式 #雷神 #复仇者联盟 #漫威 #充能计划,私藏月色i,其他,,毕竟最后的主角是钢铁侠,其他,3周前·山西,213,,,一级评论,user_f81cbda1d3dddcd8,2026-09-11T13:33:43+08:00
https://v.douyin.com/VbdgIrHokHM/ 12/04 :5pm XMJ:/ J@V.Lw,7675895658934586664,为什么说那年你雷神叔叔选择了弹幕最多的救场方式 #雷神 #复仇者联盟 #漫威 #充能计划,私藏月色i,其他,,太招了，哪里都能看到切片小子美队和雷神关系一直不错，甚至电影中没有冲突，切片小子直接来一句“严父”谁能绷得住,其他,2周前·河北,13,1,,一级评论,user_0dedfae5fe193e91,2026-09-11T13:33:43+08:00
https://v.douyin.com/VbdgIrHokHM/ 12/04 :5pm XMJ:/ J@V.Lw,7675895658934586664,为什么说那年你雷神叔叔选择了弹幕最多的救场方式 #雷神 #复仇者联盟 #漫威 #充能计划,私藏月色i,其他,,下一期做美队的，现在美队风评确实被搞得太差了,其他,2周前·浙江,6,,,一级评论,user_f21bdcbfdd421110,2026-09-11T13:33:43+08:00
https://v.douyin.com/VbdgIrHokHM/ 12/04 :5pm XMJ:/ J@V.Lw,7675895658934586664,为什么说那年你雷神叔叔选择了弹幕最多的救场方式 #雷神 #复仇者联盟 #漫威 #充能计划,私藏月色i,其他,,这时期的雷神绝对天父级别，这表现力绝了，秒6宝石灭霸,其他,3周前·湖南,7911,113,,一级评论,user_bdbb951ab6c595d7,2026-09-11T13:33:43+08:00
https://v.douyin.com/VbdgIrHokHM/ 12/04 :5pm XMJ:/ J@V.Lw,7675895658934586664,为什么说那年你雷神叔叔选择了弹幕最多的救场方式 #雷神 #复仇者联盟 #漫威 #充能计划,私藏月色i,其他,,最强复仇者毋庸置疑,其他,3周前·广东,2393,67,,一级评论,user_d8913412a7abbf43,2026-09-11T13:33:43+08:00
https://v.douyin.com/VbdgIrHokHM/ 12/04 :5pm XMJ:/ J@V.Lw,7675895658934586664,为什么说那年你雷神叔叔选择了弹幕最多的救场方式 #雷神 #复仇者联盟 #漫威 #充能计划,私藏月色i,其他,,最强的应该是卡罗尔,其他,3小时前·广东,0,,,一级评论,user_66319cd271bb219b,2026-09-11T13:33:43+08:00
https://v.douyin.com/VbdgIrHokHM/ 12/04 :5pm XMJ:/ J@V.Lw,7675895658934586664,为什么说那年你雷神叔叔选择了弹幕最多的救场方式 #雷神 #复仇者联盟 #漫威 #充能计划,私藏月色i,其他,,我套个法拉第笼，雷神是不是就我没办法了,其他,1周前·IP未知,2,2,,一级评论,user_5731849ceaf79b7c,2026-09-11T13:33:43+08:00
https://v.douyin.com/VbdgIrHokHM/ 12/04 :5pm XMJ:/ J@V.Lw,7675895658934586664,为什么说那年你雷神叔叔选择了弹幕最多的救场方式 #雷神 #复仇者联盟 #漫威 #充能计划,私藏月色i,其他,,当我看到弹幕有人问格鲁特的手怎么又回来的时候我瞬间对所有弹幕都释怀了,其他,2周前·河南,8,4,,一级评论,user_633bfc054c138858,2026-09-11T13:33:43+08:00
https://v.douyin.com/VbdgIrHokHM/ 12/04 :5pm XMJ:/ J@V.Lw,7675895658934586664,为什么说那年你雷神叔叔选择了弹幕最多的救场方式 #雷神 #复仇者联盟 #漫威 #充能计划,私藏月色i,其他,,既然灭霸和雷神都是神，并且索尔是阿斯加德的正神，那灭霸照样直接吊打阿斯加德的神呢？,其他,2周前·河北,1,2,,一级评论,user_2d323cebfac01a7f,2026-09-11T13:33:43+08:00
https://v.douyin.com/VbdgIrHokHM/ 12/04 :5pm XMJ:/ J@V.Lw,7675895658934586664,为什么说那年你雷神叔叔选择了弹幕最多的救场方式 #雷神 #复仇者联盟 #漫威 #充能计划,私藏月色i,其他,,雷神语录，来点巴西的妞,其他,2周前·广东,1,,,一级评论,user_658ae17dcbb0eefe,2026-09-11T13:33:43+08:00
https://v.douyin.com/VbdgIrHokHM/ 12/04 :5pm XMJ:/ J@V.Lw,7675895658934586664,为什么说那年你雷神叔叔选择了弹幕最多的救场方式 #雷神 #复仇者联盟 #漫威 #充能计划,私藏月色i,其他,,冷知识，斧头的金属都融化了，他只是皮肤焦了一点，可想而知，他的身体强度,其他,2周前·广东,32,2,,一级评论,user_dae2c4a0d03c7c3c,2026-09-11T13:33:43+08:00
https://v.douyin.com/VbdgIrHokHM/ 12/04 :5pm XMJ:/ J@V.Lw,7675895658934586664,为什么说那年你雷神叔叔选择了弹幕最多的救场方式 #雷神 #复仇者联盟 #漫威 #充能计划,私藏月色i,其他,,班纳叔叔都乐成啥了,其他,2周前·江苏,427,3,,一级评论,user_a4c5e741c30dc843,2026-09-11T13:33:43+08:00
https://v.douyin.com/VbdgIrHokHM/ 12/04 :5pm XMJ:/ J@V.Lw,7675895658934586664,为什么说那年你雷神叔叔选择了弹幕最多的救场方式 #雷神 #复仇者联盟 #漫威 #充能计划,私藏月色i,其他,,这时候最懵的应该就是黑豹 号称能抵挡一切的能量罩就这么被破了，从天上下来个无敌的友军,其他,3周前·安徽,167,10,,一级评论,user_9ecce1720276910b,2026-09-11T13:33:43+08:00
https://v.douyin.com/VbdgIrHokHM/ 12/04 :5pm XMJ:/ J@V.Lw,7675895658934586664,为什么说那年你雷神叔叔选择了弹幕最多的救场方式 #雷神 #复仇者联盟 #漫威 #充能计划,私藏月色i,其他,,索尔就喊了一句众神之父赐我力量就上了，也不管众神之父到底赐没赐,其他,2周前·云南,100,3,,一级评论,user_44de679a56ed01e2,2026-09-11T13:33:43+08:00
https://v.douyin.com/VbdgIrHokHM/ 12/04 :5pm XMJ:/ J@V.Lw,7675895658934586664,为什么说那年你雷神叔叔选择了弹幕最多的救场方式 #雷神 #复仇者联盟 #漫威 #充能计划,私藏月色i,其他,,当年的彩虹桥简直是漫威救场top1名场面，当时以为美队救场已经很帅了，没想到后面你锤哥藏了个大的,其他,3周前·山东,9,,,一级评论,user_e90172cb60c6d743,2026-09-11T13:33:48+08:00
https://v.douyin.com/VbdgIrHokHM/ 12/04 :5pm XMJ:/ J@V.Lw,7675895658934586664,为什么说那年你雷神叔叔选择了弹幕最多的救场方式 #雷神 #复仇者联盟 #漫威 #充能计划,私藏月色i,其他,,主要这斧子不仅是武器 还能开彩虹桥传送 牛逼,其他,3周前·内蒙古,44,3,,一级评论,user_432c7cb4f1d2cfa1,2026-09-11T13:33:48+08:00
https://v.douyin.com/VbdgIrHokHM/ 12/04 :5pm XMJ:/ J@V.Lw,7675895658934586664,为什么说那年你雷神叔叔选择了弹幕最多的救场方式 #雷神 #复仇者联盟 #漫威 #充能计划,私藏月色i,其他,,不仅雷神是真男人，格鲁特也是纯实木,其他,21小时前·河南,2,,,一级评论,user_d7eef1f4ba2daa42,2026-09-11T13:33:48+08:00
https://v.douyin.com/VbdgIrHokHM/ 12/04 :5pm XMJ:/ J@V.Lw,7675895658934586664,为什么说那年你雷神叔叔选择了弹幕最多的救场方式 #雷神 #复仇者联盟 #漫威 #充能计划,私藏月色i,其他,,谁懂当年雷神出场全场都欢呼,其他,5天前·北京,3,,,一级评论,user_978decbec54ad657,2026-09-11T13:33:48+08:00
https://v.douyin.com/VbdgIrHokHM/ 12/04 :5pm XMJ:/ J@V.Lw,7675895658934586664,为什么说那年你雷神叔叔选择了弹幕最多的救场方式 #雷神 #复仇者联盟 #漫威 #充能计划,私藏月色i,其他,,雷神超帅的,其他,2周前·安徽,0,,,一级评论,user_470bb9d018100477,2026-09-11T13:33:48+08:00
https://v.douyin.com/VbdgIrHokHM/ 12/04 :5pm XMJ:/ J@V.Lw,7675895658934586664,为什么说那年你雷神叔叔选择了弹幕最多的救场方式 #雷神 #复仇者联盟 #漫威 #充能计划,私藏月色i,其他,,我严重怀疑雷神这类神都是唯心，复联三和复联四战力差距太大了,其他,2周前·安徽,31,6,,一级评论,user_3f0a71466c5f88af,2026-09-11T13:33:48+08:00
https://v.douyin.com/VbdgIrHokHM/ 12/04 :5pm XMJ:/ J@V.Lw,7675895658934586664,为什么说那年你雷神叔叔选择了弹幕最多的救场方式 #雷神 #复仇者联盟 #漫威 #充能计划,私藏月色i,其他,,有人给我作品点赞吗,其他,5天前·广东,0,,,一级评论,user_ab91ef9a5135ecfd,2026-09-11T13:33:48+08:00
https://v.douyin.com/VbdgIrHokHM/ 12/04 :5pm XMJ:/ J@V.Lw,7675895658934586664,为什么说那年你雷神叔叔选择了弹幕最多的救场方式 #雷神 #复仇者联盟 #漫威 #充能计划,私藏月色i,其他,,要是他姐姐在能不能打过灭霸,其他,2周前·四川,1,1,,一级评论,user_85f90b3639f3df19,2026-09-11T13:33:48+08:00
https://v.douyin.com/VbdgIrHokHM/ 12/04 :5pm XMJ:/ J@V.Lw,7675895658934586664,为什么说那年你雷神叔叔选择了弹幕最多的救场方式 #雷神 #复仇者联盟 #漫威 #充能计划,私藏月色i,其他,,为什么彩虹桥不送雷神,其他,17小时前·江苏,0,,,一级评论,user_1fd3060c379f5caf,2026-09-11T13:33:48+08:00
https://v.douyin.com/VbdgIrHokHM/ 12/04 :5pm XMJ:/ J@V.Lw,7675895658934586664,为什么说那年你雷神叔叔选择了弹幕最多的救场方式 #雷神 #复仇者联盟 #漫威 #充能计划,私藏月色i,其他,,结果复联四的雷神表现力不如美队，这个战斗力表现真的忽高忽低,其他,3周前·四川,1,6,,一级评论,,2026-09-11T13:33:48+08:00
https://v.douyin.com/VbdgIrHokHM/ 12/04 :5pm XMJ:/ J@V.Lw,7675895658934586664,为什么说那年你雷神叔叔选择了弹幕最多的救场方式 #雷神 #复仇者联盟 #漫威 #充能计划,私藏月色i,其他,,"索尔：
雷神之力
众神之王奥丁之子
拥有最纯正的阿斯加德神族血统
目前九大神域之王王座的第一继承人
灭霸：
泰坦星一个劲比较大的紫薯精",其他,2天前·上海,7,1,,一级评论,user_f4a47c7b06e1d288,2026-09-11T13:33:52+08:00
https://v.douyin.com/VbdgIrHokHM/ 12/04 :5pm XMJ:/ J@V.Lw,7675895658934586664,为什么说那年你雷神叔叔选择了弹幕最多的救场方式 #雷神 #复仇者联盟 #漫威 #充能计划,私藏月色i,其他,,如果雷神直接去泰坦星结局会不会好点,其他,3周前·云南,63,13,,一级评论,user_155b174ccac0264d,2026-09-11T13:33:52+08:00
https://v.douyin.com/VbdgIrHokHM/ 12/04 :5pm XMJ:/ J@V.Lw,7675895658934586664,为什么说那年你雷神叔叔选择了弹幕最多的救场方式 #雷神 #复仇者联盟 #漫威 #充能计划,私藏月色i,其他,,扫码雷神,其他,1天前·湖北,0,,,一级评论,user_3020ae8aa8b2433d,2026-09-11T13:33:52+08:00
https://v.douyin.com/VbdgIrHokHM/ 12/04 :5pm XMJ:/ J@V.Lw,7675895658934586664,为什么说那年你雷神叔叔选择了弹幕最多的救场方式 #雷神 #复仇者联盟 #漫威 #充能计划,私藏月色i,其他,,漫威史上最夯的救场，我感觉是复联4最后的大战,其他,6天前·甘肃,6,,,一级评论,user_9ba69b85b5414ad8,2026-09-11T13:33:52+08:00
https://v.douyin.com/VbdgIrHokHM/ 12/04 :5pm XMJ:/ J@V.Lw,7675895658934586664,为什么说那年你雷神叔叔选择了弹幕最多的救场方式 #雷神 #复仇者联盟 #漫威 #充能计划,私藏月色i,其他,,这个时候的雷神是颓废状态。,其他,6天前·江苏,1,,,一级评论,user_6ec8c7aed47e58f6,2026-09-11T13:33:52+08:00
https://v.douyin.com/VbdgIrHokHM/ 12/04 :5pm XMJ:/ J@V.Lw,7675895658934586664,为什么说那年你雷神叔叔选择了弹幕最多的救场方式 #雷神 #复仇者联盟 #漫威 #充能计划,私藏月色i,其他,,雷神的救场，看一次哭一次,其他,2周前·湖南,1,,,一级评论,user_8ee6e55639c05497,2026-09-11T13:33:52+08:00
https://v.douyin.com/VbdgIrHokHM/ 12/04 :5pm XMJ:/ J@V.Lw,7675895658934586664,为什么说那年你雷神叔叔选择了弹幕最多的救场方式 #雷神 #复仇者联盟 #漫威 #充能计划,私藏月色i,其他,,黑豹：这哥们谁啊这么牛逼,其他,3周前·河北,122,6,,一级评论,user_f76269496264aa52,2026-09-11T13:33:52+08:00
https://v.douyin.com/VbdgIrHokHM/ 12/04 :5pm XMJ:/ J@V.Lw,7675895658934586664,为什么说那年你雷神叔叔选择了弹幕最多的救场方式 #雷神 #复仇者联盟 #漫威 #充能计划,私藏月色i,其他,,我在想幻视单挑浩克谁赢,其他,3周前·河北,7,4,,一级评论,user_d8ab69befc244643,2026-09-11T13:33:52+08:00
https://v.douyin.com/VbdgIrHokHM/ 12/04 :5pm XMJ:/ J@V.Lw,7675895658934586664,为什么说那年你雷神叔叔选择了弹幕最多的救场方式 #雷神 #复仇者联盟 #漫威 #充能计划,私藏月色i,其他,,我不懂他为什么打不过灭霸,其他,3周前·黑龙江,2,4,,一级评论,user_4f8277c8d25e8c3a,2026-09-11T13:33:52+08:00
https://v.douyin.com/VbdgIrHokHM/ 12/04 :5pm XMJ:/ J@V.Lw,7675895658934586664,为什么说那年你雷神叔叔选择了弹幕最多的救场方式 #雷神 #复仇者联盟 #漫威 #充能计划,私藏月色i,其他,,复联四雷神不故意吃胖，故意削弱战力，开局灭霸头就掉了，一人就能干掉整个灭霸军团,其他,3周前·安徽,43,7,,一级评论,user_737920ae24f08670,2026-09-11T13:33:52+08:00
https://v.douyin.com/VbdgIrHokHM/ 12/04 :5pm XMJ:/ J@V.Lw,7675895658934586664,为什么说那年你雷神叔叔选择了弹幕最多的救场方式 #雷神 #复仇者联盟 #漫威 #充能计划,私藏月色i,其他,,雷神:来点巴西的妞,其他,2周前·福建,0,1,,一级评论,user_258a0ebbbb107a88,2026-09-11T13:33:56+08:00
https://v.douyin.com/VbdgIrHokHM/ 12/04 :5pm XMJ:/ J@V.Lw,7675895658934586664,为什么说那年你雷神叔叔选择了弹幕最多的救场方式 #雷神 #复仇者联盟 #漫威 #充能计划,私藏月色i,其他,,惊奇是我听过的最强复仇者，就看她撞了几个飞船力气大短暂压制灭霸。雷神是我见过最强的复仇者，从天而降，硬钢6宝石灭霸,其他,2天前·四川,6,1,,一级评论,user_587223f9e2e9c303,2026-09-11T13:33:56+08:00
https://v.douyin.com/VbdgIrHokHM/ 12/04 :5pm XMJ:/ J@V.Lw,7675895658934586664,为什么说那年你雷神叔叔选择了弹幕最多的救场方式 #雷神 #复仇者联盟 #漫威 #充能计划,私藏月色i,其他,,我记得有个以神明之躯并肩凡人一拳打出复联三,其他,1周前·贵州,1,1,,一级评论,user_468e6e4aeae3780b,2026-09-11T13:33:56+08:00
https://v.douyin.com/VbdgIrHokHM/ 12/04 :5pm XMJ:/ J@V.Lw,7675895658934586664,为什么说那年你雷神叔叔选择了弹幕最多的救场方式 #雷神 #复仇者联盟 #漫威 #充能计划,私藏月色i,其他,,要是超人来了能不能干倒灭霸,其他,6天前·辽宁,1,1,,一级评论,user_b0e75593f08ea2fb,2026-09-11T13:33:56+08:00
https://v.douyin.com/VbdgIrHokHM/ 12/04 :5pm XMJ:/ J@V.Lw,7675895658934586664,为什么说那年你雷神叔叔选择了弹幕最多的救场方式 #雷神 #复仇者联盟 #漫威 #充能计划,私藏月色i,其他,,如果这时候雷神直接去泰坦星，是不是就有机会劈死灭霸了,其他,2周前·重庆,5,1,,一级评论,user_6b4ff5e902f0c90c,2026-09-11T13:33:56+08:00
https://v.douyin.com/VbdgIrHokHM/ 12/04 :5pm XMJ:/ J@V.Lw,7675895658934586664,为什么说那年你雷神叔叔选择了弹幕最多的救场方式 #雷神 #复仇者联盟 #漫威 #充能计划,私藏月色i,其他,,这个时候的索尔天下第一，惊奇队长，绯红女巫，奇异博士都是渣渣,其他,2周前·北京,2,,,一级评论,user_589eb9589f67c5f4,2026-09-11T13:33:56+08:00
https://v.douyin.com/VbdgIrHokHM/ 12/04 :5pm XMJ:/ J@V.Lw,7675895658934586664,为什么说那年你雷神叔叔选择了弹幕最多的救场方式 #雷神 #复仇者联盟 #漫威 #充能计划,私藏月色i,其他,,不理解，这时候的雷神都能单挑拿着宝石的灭霸，到了复联四，跟钢铁侠美队三人都打不过没拿宝石的,其他,3周前·广东,2,2,,一级评论,user_e986cb446bf3264e,2026-09-11T13:33:56+08:00
https://v.douyin.com/VbdgIrHokHM/ 12/04 :5pm XMJ:/ J@V.Lw,7675895658934586664,为什么说那年你雷神叔叔选择了弹幕最多的救场方式 #雷神 #复仇者联盟 #漫威 #充能计划,私藏月色i,其他,,当你雷神出场的那一刻，我天真的以为能赢,其他,3周前·江苏,11,,,一级评论,user_6556bbb368ebfd81,2026-09-11T13:33:56+08:00
https://v.douyin.com/VbdgIrHokHM/ 12/04 :5pm XMJ:/ J@V.Lw,7675895658934586664,为什么说那年你雷神叔叔选择了弹幕最多的救场方式 #雷神 #复仇者联盟 #漫威 #充能计划,私藏月色i,其他,,当时看到这里真牛逼呀，直接召唤彩虹桥,其他,6天前·广东,1,,,一级评论,user_14f20b862592da23,2026-09-11T13:33:56+08:00
https://v.douyin.com/VbdgIrHokHM/ 12/04 :5pm XMJ:/ J@V.Lw,7675895658934586664,为什么说那年你雷神叔叔选择了弹幕最多的救场方式 #雷神 #复仇者联盟 #漫威 #充能计划,私藏月色i,其他,,但凡瓦坎达有个陆盾3000，灭霸大军来再多也是送菜而不是拿着振金长矛说自己是科技最领先的国家,其他,3天前·四川,0,,,一级评论,user_41c3cce9c5739c2a,2026-09-11T13:33:56+08:00
https://v.douyin.com/VbdgIrHokHM/ 12/04 :5pm XMJ:/ J@V.Lw,7675895658934586664,为什么说那年你雷神叔叔选择了弹幕最多的救场方式 #雷神 #复仇者联盟 #漫威 #充能计划,私藏月色i,其他,,这回真的是“要是爸爸在就好了”,其他,3周前·湖南,1972,50,,一级评论,user_3d3ad0c1ebb49cd7,2026-09-11T13:34:00+08:00
https://v.douyin.com/VbdgIrHokHM/ 12/04 :5pm XMJ:/ J@V.Lw,7675895658934586664,为什么说那年你雷神叔叔选择了弹幕最多的救场方式 #雷神 #复仇者联盟 #漫威 #充能计划,私藏月色i,其他,,雷神这小子每次一升级就先美美刷一波兵线,其他,5天前·辽宁,76,2,,一级评论,user_2f04a11f1e0badf6,2026-09-11T13:34:00+08:00
https://v.douyin.com/VbdgIrHokHM/ 12/04 :5pm XMJ:/ J@V.Lw,7675895658934586664,为什么说那年你雷神叔叔选择了弹幕最多的救场方式 #雷神 #复仇者联盟 #漫威 #充能计划,私藏月色i,其他,,为啥复联4同样是有暴风战斧被灭霸碾压,其他,2周前·江苏,21,2,,一级评论,user_78ec466288ddd587,2026-09-11T13:34:00+08:00
https://v.douyin.com/VbdgIrHokHM/ 12/04 :5pm XMJ:/ J@V.Lw,7675895658934586664,为什么说那年你雷神叔叔选择了弹幕最多的救场方式 #雷神 #复仇者联盟 #漫威 #充能计划,私藏月色i,其他,,怕复联四被雷神一人杀穿所以给他整成良子了,其他,3周前·山东,323,19,,一级评论,user_18b7a60b2214dcf4,2026-09-11T13:34:00+08:00
https://v.douyin.com/VbdgIrHokHM/ 12/04 :5pm XMJ:/ J@V.Lw,7675895658934586664,为什么说那年你雷神叔叔选择了弹幕最多的救场方式 #雷神 #复仇者联盟 #漫威 #充能计划,私藏月色i,其他,,为什么最近几个月总是有这种剪辑风格一开始先抛个为什么谁谁谁怎么样  然后来首歌：该怎么形容你最贴切；最后片头的问题到视频结尾也没解答，纯是个电影解说,其他,21小时前·北京,4,3,,一级评论,user_a0ec8fe75d9fee90,2026-09-11T13:34:00+08:00
https://v.douyin.com/VbdgIrHokHM/ 12/04 :5pm XMJ:/ J@V.Lw,7675895658934586664,为什么说那年你雷神叔叔选择了弹幕最多的救场方式 #雷神 #复仇者联盟 #漫威 #充能计划,私藏月色i,其他,,复联3压迫感最猛的就雷神，一斧子劈跪六宝石灭霸,其他,3周前·北京,4,,,一级评论,user_7ab34540d3b4e6f4,2026-09-11T13:34:00+08:00
https://v.douyin.com/VbdgIrHokHM/ 12/04 :5pm XMJ:/ J@V.Lw,7675895658934586664,为什么说那年你雷神叔叔选择了弹幕最多的救场方式 #雷神 #复仇者联盟 #漫威 #充能计划,私藏月色i,其他,,奥丁都说了同样爱两个儿子。虽然一个是亲生的，但是呢为什么诺基快死的时候，没有给他力量。,其他,3周前·四川,16,9,,一级评论,user_4b4168a313b64730,2026-09-11T13:34:00+08:00
https://v.douyin.com/VbdgIrHokHM/ 12/04 :5pm XMJ:/ J@V.Lw,7675895658934586664,为什么说那年你雷神叔叔选择了弹幕最多的救场方式 #雷神 #复仇者联盟 #漫威 #充能计划,私藏月色i,其他,,不是没给他力量，雷神的力量都是雷神自己的，奥丁只是引子,其他,3周前·山东,26,,,一级评论,user_dadde7dd41053995,2026-09-11T13:34:00+08:00
https://v.douyin.com/VbdgIrHokHM/ 12/04 :5pm XMJ:/ J@V.Lw,7675895658934586664,为什么说那年你雷神叔叔选择了弹幕最多的救场方式 #雷神 #复仇者联盟 #漫威 #充能计划,私藏月色i,其他,,其实你灭霸也挺不容易的早点打的话能撞上奥丁和古一，晚点打的话会撞上哨兵,其他,2周前·广东,4,,,一级评论,user_879d60303be90c0e,2026-09-11T13:34:00+08:00
https://v.douyin.com/VbdgIrHokHM/ 12/04 :5pm XMJ:/ J@V.Lw,7675895658934586664,为什么说那年你雷神叔叔选择了弹幕最多的救场方式 #雷神 #复仇者联盟 #漫威 #充能计划,私藏月色i,其他,,单挑6宝石灭霸，而且是秒杀,其他,2天前·安徽,1,,,一级评论,user_44550b586b32c656,2026-09-11T13:34:00+08:00
https://v.douyin.com/VbdgIrHokHM/ 12/04 :5pm XMJ:/ J@V.Lw,7675895658934586664,为什么说那年你雷神叔叔选择了弹幕最多的救场方式 #雷神 #复仇者联盟 #漫威 #充能计划,私藏月色i,其他,,雷神其实在那一刻不该提前发表获胜感言,其他,2天前·广东,0,,,一级评论,user_b98f4903497b3e8d,2026-09-11T13:34:00+08:00
https://v.douyin.com/VbdgIrHokHM/ 12/04 :5pm XMJ:/ J@V.Lw,7675895658934586664,为什么说那年你雷神叔叔选择了弹幕最多的救场方式 #雷神 #复仇者联盟 #漫威 #充能计划,私藏月色i,其他,,越长寿越强之人，最强复仇者，奥丁之子,其他,3周前·河南,127,3,,一级评论,user_58004cfba147900c,2026-09-11T13:34:04+08:00
https://v.douyin.com/VbdgIrHokHM/ 12/04 :5pm XMJ:/ J@V.Lw,7675895658934586664,为什么说那年你雷神叔叔选择了弹幕最多的救场方式 #雷神 #复仇者联盟 #漫威 #充能计划,私藏月色i,其他,,我是不是看见雷神旁边有那个我真的特别爱你的那个跳舞的浣熊,其他,3周前·河南,3,2,,一级评论,user_c9965551ad785d28,2026-09-11T13:34:04+08:00
https://v.douyin.com/VbdgIrHokHM/ 12/04 :5pm XMJ:/ J@V.Lw,7675895658934586664,为什么说那年你雷神叔叔选择了弹幕最多的救场方式 #雷神 #复仇者联盟 #漫威 #充能计划,私藏月色i,其他,,三里面风暴战斧顶着六宝石重创灭霸，四里面风暴战斧变得和凡兵一样,其他,2周前·安徽,23,9,,一级评论,user_17cbbb8ac93901bf,2026-09-11T13:34:04+08:00
https://v.douyin.com/VbdgIrHokHM/ 12/04 :5pm XMJ:/ J@V.Lw,7675895658934586664,为什么说那年你雷神叔叔选择了弹幕最多的救场方式 #雷神 #复仇者联盟 #漫威 #充能计划,私藏月色i,其他,,雷神真是越来越稳重了，越来越不像当初来地球那个毛头小子。,其他,3周前·辽宁,174,3,,一级评论,user_873b8ec197c0daea,2026-09-11T13:34:04+08:00
https://v.douyin.com/VbdgIrHokHM/ 12/04 :5pm XMJ:/ J@V.Lw,7675895658934586664,为什么说那年你雷神叔叔选择了弹幕最多的救场方式 #雷神 #复仇者联盟 #漫威 #充能计划,私藏月色i,其他,,我记得雷神过来就是一句“灭霸给我滚出来”，开头洛基、海姆达尔和阿斯加德民众被灭霸扬了，雷神斧头刚造好就拿灭霸开刃,其他,2周前·湖北,7,,,一级评论,user_d90a08eca5ca242d,2026-09-11T13:34:04+08:00
https://v.douyin.com/VbdgIrHokHM/ 12/04 :5pm XMJ:/ J@V.Lw,7675895658934586664,为什么说那年你雷神叔叔选择了弹幕最多的救场方式 #雷神 #复仇者联盟 #漫威 #充能计划,私藏月色i,其他,,说实话，灭霸的一切行为的目的都不是杀戮，只是为了他的理想,其他,2周前·河北,2,1,,一级评论,user_1194939c84771985,2026-09-11T13:34:04+08:00
https://v.douyin.com/VbdgIrHokHM/ 12/04 :5pm XMJ:/ J@V.Lw,7675895658934586664,为什么说那年你雷神叔叔选择了弹幕最多的救场方式 #雷神 #复仇者联盟 #漫威 #充能计划,私藏月色i,其他,,我去，记得当时在电影院第一次看到雷神这个雷霆大跳帅的我鸡皮疙瘩满身都是,其他,2周前·希腊,1,,,一级评论,user_441d7b94263a2c3b,2026-09-11T13:34:04+08:00
https://v.douyin.com/VbdgIrHokHM/ 12/04 :5pm XMJ:/ J@V.Lw,7675895658934586664,为什么说那年你雷神叔叔选择了弹幕最多的救场方式 #雷神 #复仇者联盟 #漫威 #充能计划,私藏月色i,其他,,说灭霸是正确的，这里就展现出来他是错的，因为是被彩虹桥传送走的要不然灭霸会全杀了，矮人星也不杀完了，并没有所谓的杀一半留一半,其他,3周前·湖北,1,1,,一级评论,user_1b12de2ec9814e13,2026-09-11T13:34:04+08:00
https://v.douyin.com/VbdgIrHokHM/ 12/04 :5pm XMJ:/ J@V.Lw,7675895658934586664,为什么说那年你雷神叔叔选择了弹幕最多的救场方式 #雷神 #复仇者联盟 #漫威 #充能计划,私藏月色i,其他,,雷神当时真的惨，父亲去世了，锤子也没了。他的子民先被海拉杀过一遍，本来就不剩多少人了，结果家园被火巨人毁了。好不容易又逃出来，结果飞出去没多久就遇到了灭霸，又被杀了一半 当时我还以为整个阿斯达加德就剩雷神一个人了。,其他,2周前·德国,5,,,一级评论,user_3ed1fbab33bfe658,2026-09-11T13:34:04+08:00
https://v.douyin.com/VbdgIrHokHM/ 12/04 :5pm XMJ:/ J@V.Lw,7675895658934586664,为什么说那年你雷神叔叔选择了弹幕最多的救场方式 #雷神 #复仇者联盟 #漫威 #充能计划,私藏月色i,其他,,isa（最初一舞）,其他,2周前·山东,0,,,一级评论,user_3d6f262d225740be,2026-09-11T13:34:04+08:00
https://v.douyin.com/VbdgIrHokHM/ 12/04 :5pm XMJ:/ J@V.Lw,7675895658934586664,为什么说那年你雷神叔叔选择了弹幕最多的救场方式 #雷神 #复仇者联盟 #漫威 #充能计划,私藏月色i,其他,,我随风暴而来，带来诸神的愤怒,其他,3周前·江苏,46,11,,一级评论,user_a3ae539c81433621,2026-09-11T13:34:09+08:00
https://v.douyin.com/VbdgIrHokHM/ 12/04 :5pm XMJ:/ J@V.Lw,7675895658934586664,为什么说那年你雷神叔叔选择了弹幕最多的救场方式 #雷神 #复仇者联盟 #漫威 #充能计划,私藏月色i,其他,,"复联一高光：绿巨人
复联二高光：幻视
复联三高光：雷神
复联四高光：钢铁侠",其他,1周前·辽宁,0,,,一级评论,user_051011ccf2cea595,2026-09-11T13:34:09+08:00
https://v.douyin.com/VbdgIrHokHM/ 12/04 :5pm XMJ:/ J@V.Lw,7675895658934586664,为什么说那年你雷神叔叔选择了弹幕最多的救场方式 #雷神 #复仇者联盟 #漫威 #充能计划,私藏月色i,其他,,血量低于百分之三十自动想爹,其他,3周前·浙江,27,2,,一级评论,user_6d09b555b8b4e432,2026-09-11T13:34:09+08:00
https://v.douyin.com/VbdgIrHokHM/ 12/04 :5pm XMJ:/ J@V.Lw,7675895658934586664,为什么说那年你雷神叔叔选择了弹幕最多的救场方式 #雷神 #复仇者联盟 #漫威 #充能计划,私藏月色i,其他,,第一次见因为变胖被削的英雄,其他,2周前·福建,19,8,,一级评论,user_31337ecedf715c91,2026-09-11T13:34:09+08:00
https://v.douyin.com/VbdgIrHokHM/ 12/04 :5pm XMJ:/ J@V.Lw,7675895658934586664,为什么说那年你雷神叔叔选择了弹幕最多的救场方式 #雷神 #复仇者联盟 #漫威 #充能计划,私藏月色i,其他,,打了全集最后发现自己是法师,其他,1周前·辽宁,0,,,一级评论,user_31bd1d34eb19b2ce,2026-09-11T13:34:09+08:00
https://v.douyin.com/VbdgIrHokHM/ 12/04 :5pm XMJ:/ J@V.Lw,7675895658934586664,为什么说那年你雷神叔叔选择了弹幕最多的救场方式 #雷神 #复仇者联盟 #漫威 #充能计划,私藏月色i,其他,,初代复联包括美队铁人，都认默认最强是布鲁斯的浩克，而布鲁斯则认定雷神才是最强复仇者,其他,1周前·四川,2,,,一级评论,user_74e068a834d46273,2026-09-11T13:34:09+08:00
https://v.douyin.com/VbdgIrHokHM/ 12/04 :5pm XMJ:/ J@V.Lw,7675895658934586664,为什么说那年你雷神叔叔选择了弹幕最多的救场方式 #雷神 #复仇者联盟 #漫威 #充能计划,私藏月色i,其他,,你雷神叔叔砍灭霸也选了弹幕最多的方式,其他,2周前·广东,13,,,一级评论,user_b5a4099580224ab3,2026-09-11T13:34:09+08:00
https://v.douyin.com/VbdgIrHokHM/ 12/04 :5pm XMJ:/ J@V.Lw,7675895658934586664,为什么说那年你雷神叔叔选择了弹幕最多的救场方式 #雷神 #复仇者联盟 #漫威 #充能计划,私藏月色i,其他,,雷神结尾那一状态可以吧复联四的灭霸当摔炮摔，复联三也就真的就是砍歪了,其他,2天前·福建,2,,,一级评论,user_25e4f996b8aa566c,2026-09-11T13:34:09+08:00
https://v.douyin.com/VbdgIrHokHM/ 12/04 :5pm XMJ:/ J@V.Lw,7675895658934586664,为什么说那年你雷神叔叔选择了弹幕最多的救场方式 #雷神 #复仇者联盟 #漫威 #充能计划,私藏月色i,其他,,第一次看的时候，格鲁特断手那么燃，我还以为长不出来了，挺伤心，结果随便长,其他,2周前·江苏,0,,,一级评论,user_71e7739237ce8d71,2026-09-11T13:34:09+08:00
https://v.douyin.com/VbdgIrHokHM/ 12/04 :5pm XMJ:/ J@V.Lw,7675895658934586664,为什么说那年你雷神叔叔选择了弹幕最多的救场方式 #雷神 #复仇者联盟 #漫威 #充能计划,私藏月色i,其他,,"回到地球的班纳：索尔死了，灭霸要来地球了？
复仇者联盟其它人：雷神死了。
看到回到地球的雷神班纳：你们完蛋了。
其它人：不是说他死了吗？",其他,2周前·湖北,6,,,一级评论,user_184a690278785960,2026-09-11T13:34:09+08:00
https://v.douyin.com/VbdgIrHokHM/ 12/04 :5pm XMJ:/ J@V.Lw,7675895658934586664,为什么说那年你雷神叔叔选择了弹幕最多的救场方式 #雷神 #复仇者联盟 #漫威 #充能计划,私藏月色i,其他,,有一点不明白，暴风战斧和他那个雷神战斧，暴风战斧释放的是他体内的雷霆之力，雷神战斧是斧头和他体内的雷霆之力结合，为什么他拿暴风战斧比拿雷神战斧厉害啊,其他,3周前·黑龙江,9,15,,一级评论,user_59110afdae28aa23,2026-09-11T13:34:14+08:00
https://v.douyin.com/VbdgIrHokHM/ 12/04 :5pm XMJ:/ J@V.Lw,7675895658934586664,为什么说那年你雷神叔叔选择了弹幕最多的救场方式 #雷神 #复仇者联盟 #漫威 #充能计划,私藏月色i,其他,,复联四要不是你索尔叔叔吃成大胃袋，灭霸刚出来那会直接结束了,其他,2周前·四川,3,1,,一级评论,user_495dc69971afd600,2026-09-11T13:34:14+08:00
https://v.douyin.com/VbdgIrHokHM/ 12/04 :5pm XMJ:/ J@V.Lw,7675895658934586664,为什么说那年你雷神叔叔选择了弹幕最多的救场方式 #雷神 #复仇者联盟 #漫威 #充能计划,私藏月色i,其他,,这时候的雷神是真的强,其他,1周前·浙江,1,,,一级评论,user_e9c106163b13b64b,2026-09-11T13:34:14+08:00
https://v.douyin.com/VbdgIrHokHM/ 12/04 :5pm XMJ:/ J@V.Lw,7675895658934586664,为什么说那年你雷神叔叔选择了弹幕最多的救场方式 #雷神 #复仇者联盟 #漫威 #充能计划,私藏月色i,其他,,我有一个疑惑点，就是为什么斧头铸成了就能把索尔从奄奄一息救回来，如果没铸成是不是索尔就会死掉,其他,3周前·广东,65,9,,一级评论,user_c19247a4d3542e83,2026-09-11T13:34:14+08:00
https://v.douyin.com/VbdgIrHokHM/ 12/04 :5pm XMJ:/ J@V.Lw,7675895658934586664,为什么说那年你雷神叔叔选择了弹幕最多的救场方式 #雷神 #复仇者联盟 #漫威 #充能计划,私藏月色i,其他,,感觉妇联的武器都自带回路技能，你个雷神自带电磁回路就算了，连美队也能回路就不科学了,其他,6天前·广西,0,1,,一级评论,user_fb95d245733ba693,2026-09-11T13:34:14+08:00
https://v.douyin.com/VbdgIrHokHM/ 12/04 :5pm XMJ:/ J@V.Lw,7675895658934586664,为什么说那年你雷神叔叔选择了弹幕最多的救场方式 #雷神 #复仇者联盟 #漫威 #充能计划,私藏月色i,其他,,雷神削的太离谱了，就因为变胖了，跟钢铁侠他们三个打灭霸一个都打不过，还是肉搏，别人灭霸都没用无限宝石,其他,2周前·湖南,2,2,,一级评论,user_b296d8683c128e9e,2026-09-11T13:34:14+08:00
https://v.douyin.com/VbdgIrHokHM/ 12/04 :5pm XMJ:/ J@V.Lw,7675895658934586664,为什么说那年你雷神叔叔选择了弹幕最多的救场方式 #雷神 #复仇者联盟 #漫威 #充能计划,私藏月色i,其他,,雷神这个出场片段是我个人认为 到复联4所有救场片段最帅的,其他,2周前·河北,3,,,一级评论,user_011f42ccf24af6dc,2026-09-11T13:34:14+08:00
https://v.douyin.com/VbdgIrHokHM/ 12/04 :5pm XMJ:/ J@V.Lw,7675895658934586664,为什么说那年你雷神叔叔选择了弹幕最多的救场方式 #雷神 #复仇者联盟 #漫威 #充能计划,私藏月色i,其他,,复仇者5里面最后的传送门救场，神奇女侠救场也不差,其他,13小时前·新疆,1,,,一级评论,user_6e45dd50ec349db1,2026-09-11T13:34:14+08:00
https://v.douyin.com/VbdgIrHokHM/ 12/04 :5pm XMJ:/ J@V.Lw,7675895658934586664,为什么说那年你雷神叔叔选择了弹幕最多的救场方式 #雷神 #复仇者联盟 #漫威 #充能计划,私藏月色i,其他,,雷神那么恨他弟弟都没舍得杀他 恨和爱是可以同时存在的 灭霸当他面杀他弟弟可以想象他多有恨灭霸,其他,1周前·吉林,2,,,一级评论,user_27003b2f596ddca3,2026-09-11T13:34:14+08:00
https://v.douyin.com/VbdgIrHokHM/ 12/04 :5pm XMJ:/ J@V.Lw,7675895658934586664,为什么说那年你雷神叔叔选择了弹幕最多的救场方式 #雷神 #复仇者联盟 #漫威 #充能计划,私藏月色i,其他,,还记得开局在神殿里班纳让托尼打电话给美队吗，托尼当时还不想打，放不下面子，当班纳说索尔死了，托尼立马意识到事情的严重性了,其他,2周前·广东,2,,,一级评论,user_01c1a72a17f732ee,2026-09-11T13:34:14+08:00
https://v.douyin.com/VbdgIrHokHM/ 12/04 :5pm XMJ:/ J@V.Lw,7675895658934586664,为什么说那年你雷神叔叔选择了弹幕最多的救场方式 #雷神 #复仇者联盟 #漫威 #充能计划,私藏月色i,其他,,当时的战力已经妥妥的天父级，稳稳压制6宝石灭霸。可惜后来成肥宅了战力直接崩溃,其他,2周前·山东,2,2,,一级评论,user_9c35bf78349c0946,2026-09-11T13:34:18+08:00
https://v.douyin.com/VbdgIrHokHM/ 12/04 :5pm XMJ:/ J@V.Lw,7675895658934586664,为什么说那年你雷神叔叔选择了弹幕最多的救场方式 #雷神 #复仇者联盟 #漫威 #充能计划,私藏月色i,其他,,索尔太惨了，父亲，母亲，姐姐，弟弟，朋友全都死在他面前,其他,3周前·北京,69,5,,一级评论,user_da7d1e7220d4e4c1,2026-09-11T13:34:18+08:00
https://v.douyin.com/VbdgIrHokHM/ 12/04 :5pm XMJ:/ J@V.Lw,7675895658934586664,为什么说那年你雷神叔叔选择了弹幕最多的救场方式 #雷神 #复仇者联盟 #漫威 #充能计划,私藏月色i,其他,,阿斯加德的子民，是全死了吧！因为飞船爆炸了，就剩雷神没死，被银河护卫队救了。,其他,2周前·广西,1,1,,一级评论,user_4a3b09c31878e28b,2026-09-11T13:34:18+08:00
https://v.douyin.com/VbdgIrHokHM/ 12/04 :5pm XMJ:/ J@V.Lw,7675895658934586664,为什么说那年你雷神叔叔选择了弹幕最多的救场方式 #雷神 #复仇者联盟 #漫威 #充能计划,私藏月色i,其他,,雷神如果把灭霸劈死了，那就不叫复联三了，应该叫雷神四,其他,3周前·江苏,7,,,一级评论,user_881a31f833b32160,2026-09-11T13:34:18+08:00
https://v.douyin.com/VbdgIrHokHM/ 12/04 :5pm XMJ:/ J@V.Lw,7675895658934586664,为什么说那年你雷神叔叔选择了弹幕最多的救场方式 #雷神 #复仇者联盟 #漫威 #充能计划,私藏月色i,其他,,以雷神的实力可以打过漫威里90%的角色，可是每次他都碰上那10%,其他,2周前·广东,17,3,,一级评论,user_4f1f74ac1e939fbc,2026-09-11T13:34:18+08:00
https://v.douyin.com/VbdgIrHokHM/ 12/04 :5pm XMJ:/ J@V.Lw,7675895658934586664,为什么说那年你雷神叔叔选择了弹幕最多的救场方式 #雷神 #复仇者联盟 #漫威 #充能计划,私藏月色i,其他,,可控的最强复仇者,其他,6天前·河北,1,,,一级评论,user_02d582c9d2f9226c,2026-09-11T13:34:18+08:00
https://v.douyin.com/VbdgIrHokHM/ 12/04 :5pm XMJ:/ J@V.Lw,7675895658934586664,为什么说那年你雷神叔叔选择了弹幕最多的救场方式 #雷神 #复仇者联盟 #漫威 #充能计划,私藏月色i,其他,,雷神在海拉面前就是个弟弟,其他,4天前·山东,1,,,一级评论,user_a4357853532b66a6,2026-09-11T13:34:18+08:00
https://v.douyin.com/VbdgIrHokHM/ 12/04 :5pm XMJ:/ J@V.Lw,7675895658934586664,为什么说那年你雷神叔叔选择了弹幕最多的救场方式 #雷神 #复仇者联盟 #漫威 #充能计划,私藏月色i,其他,,你解答什么呢？,其他,2周前·河北,1,,,一级评论,user_82b9e329fe47ba3f,2026-09-11T13:34:18+08:00
https://v.douyin.com/VbdgIrHokHM/ 12/04 :5pm XMJ:/ J@V.Lw,7675895658934586664,为什么说那年你雷神叔叔选择了弹幕最多的救场方式 #雷神 #复仇者联盟 #漫威 #充能计划,私藏月色i,其他,,灭霸，他那个盔甲绝对不一般，不知道有没有人发现，防御能力巨牛,其他,2周前·广东,6,1,,一级评论,user_69413c91367066e6,2026-09-11T13:34:18+08:00
https://v.douyin.com/VbdgIrHokHM/ 12/04 :5pm XMJ:/ J@V.Lw,7675895658934586664,为什么说那年你雷神叔叔选择了弹幕最多的救场方式 #雷神 #复仇者联盟 #漫威 #充能计划,私藏月色i,其他,,别的复仇者要么是绝对的法师要么是极致的战士，你雷神叔叔是个附魔狂战士,其他,2周前·安徽,8,,,一级评论,user_ffa85467aa79cfdd,2026-09-11T13:34:19+08:00
https://v.douyin.com/VbdgIrHokHM/ 12/04 :5pm XMJ:/ J@V.Lw,7675895658934586664,为什么说那年你雷神叔叔选择了弹幕最多的救场方式 #雷神 #复仇者联盟 #漫威 #充能计划,私藏月色i,其他,,以人类的水平是咋把哨兵造出来的受不了了,其他,3周前·四川,2,1,,一级评论,user_e6401e0bcc709166,2026-09-11T13:34:23+08:00
https://v.douyin.com/VbdgIrHokHM/ 12/04 :5pm XMJ:/ J@V.Lw,7675895658934586664,为什么说那年你雷神叔叔选择了弹幕最多的救场方式 #雷神 #复仇者联盟 #漫威 #充能计划,私藏月色i,其他,,复联四的雷神表现真的太可惜了,其他,3周前·江西,72,7,,一级评论,user_8a340b9d0ca3d1bf,2026-09-11T13:34:23+08:00
https://v.douyin.com/VbdgIrHokHM/ 12/04 :5pm XMJ:/ J@V.Lw,7675895658934586664,为什么说那年你雷神叔叔选择了弹幕最多的救场方式 #雷神 #复仇者联盟 #漫威 #充能计划,私藏月色i,其他,,感觉复联4就是强行削弱，不然无宝石灭霸拿头来打有暴风战斧的雷神,其他,2周前·贵州,29,3,,一级评论,user_f6f454bd4f85ddf1,2026-09-11T13:34:23+08:00
https://v.douyin.com/VbdgIrHokHM/ 12/04 :5pm XMJ:/ J@V.Lw,7675895658934586664,为什么说那年你雷神叔叔选择了弹幕最多的救场方式 #雷神 #复仇者联盟 #漫威 #充能计划,私藏月色i,其他,,结果大招被毁灭博士两根手指弹开,其他,4天前·加拿大,3,,,一级评论,user_2719c300d9eb04d5,2026-09-11T13:34:23+08:00
https://v.douyin.com/VbdgIrHokHM/ 12/04 :5pm XMJ:/ J@V.Lw,7675895658934586664,为什么说那年你雷神叔叔选择了弹幕最多的救场方式 #雷神 #复仇者联盟 #漫威 #充能计划,私藏月色i,其他,,还记得当年去看第一场半夜电影院全场满座，巨幕厅，雷神这出场全场都在欢呼，那个场面至今难忘！,其他,2天前·贵州,0,,,一级评论,user_ea073c0d8be1abdf,2026-09-11T13:34:23+08:00
https://v.douyin.com/VbdgIrHokHM/ 12/04 :5pm XMJ:/ J@V.Lw,7675895658934586664,为什么说那年你雷神叔叔选择了弹幕最多的救场方式 #雷神 #复仇者联盟 #漫威 #充能计划,私藏月色i,其他,,雷神复联4不削能玩？,其他,2周前·黑龙江,2,,,一级评论,user_43e961868073bb07,2026-09-11T13:34:23+08:00
https://v.douyin.com/VbdgIrHokHM/ 12/04 :5pm XMJ:/ J@V.Lw,7675895658934586664,为什么说那年你雷神叔叔选择了弹幕最多的救场方式 #雷神 #复仇者联盟 #漫威 #充能计划,私藏月色i,其他,,他在复联三是最强战力，别人都不过一合的灭霸，居然能被他压制……到复联五……两根手指挡下,其他,2周前·辽宁,1,,,一级评论,user_7c56cb39eda081d8,2026-09-11T13:34:23+08:00
https://v.douyin.com/VbdgIrHokHM/ 12/04 :5pm XMJ:/ J@V.Lw,7675895658934586664,为什么说那年你雷神叔叔选择了弹幕最多的救场方式 #雷神 #复仇者联盟 #漫威 #充能计划,私藏月色i,其他,,有时间宝石这个bag，索尔弄不过,其他,4天前·广东,1,,,一级评论,user_a3ab5feda8e60976,2026-09-11T13:34:23+08:00
https://v.douyin.com/VbdgIrHokHM/ 12/04 :5pm XMJ:/ J@V.Lw,7675895658934586664,为什么说那年你雷神叔叔选择了弹幕最多的救场方式 #雷神 #复仇者联盟 #漫威 #充能计划,私藏月色i,其他,,不知道灭霸有没有后悔当时没有杀了雷神,其他,2周前·安徽,4,,,一级评论,user_854bdf8c2b053b95,2026-09-11T13:34:23+08:00
https://v.douyin.com/VbdgIrHokHM/ 12/04 :5pm XMJ:/ J@V.Lw,7675895658934586664,为什么说那年你雷神叔叔选择了弹幕最多的救场方式 #雷神 #复仇者联盟 #漫威 #充能计划,私藏月色i,其他,,这里结局如果真的成功阻止了灭霸打响指并且复仇成功的话，雷神就是漫威史上最高的一座山，没有之一,其他,2周前·天津,4,,,一级评论,user_0005cc83ebd1d44b,2026-09-11T13:34:23+08:00
https://v.douyin.com/VbdgIrHokHM/ 12/04 :5pm XMJ:/ J@V.Lw,7675895658934586664,为什么说那年你雷神叔叔选择了弹幕最多的救场方式 #雷神 #复仇者联盟 #漫威 #充能计划,私藏月色i,其他,,复联三那个雷神开头的剧情是接着雷神三的结尾吗,其他,2周前·贵州,3,2,,一级评论,user_cee4c18d118739dc,2026-09-11T13:34:29+08:00
https://v.douyin.com/VbdgIrHokHM/ 12/04 :5pm XMJ:/ J@V.Lw,7675895658934586664,为什么说那年你雷神叔叔选择了弹幕最多的救场方式 #雷神 #复仇者联盟 #漫威 #充能计划,私藏月色i,其他,,明明可以站在天上放雷 非要拿个斧子劈,其他,3周前·广东,24,2,,一级评论,user_f71d5b94f589cefe,2026-09-11T13:34:29+08:00
https://v.douyin.com/VbdgIrHokHM/ 12/04 :5pm XMJ:/ J@V.Lw,7675895658934586664,为什么说那年你雷神叔叔选择了弹幕最多的救场方式 #雷神 #复仇者联盟 #漫威 #充能计划,私藏月色i,其他,,要是复联三的巅峰风暴战斧雷神能把状态延续到复联四，那就可以单刷无宝石灭霸,其他,2周前·江西,5,,,一级评论,user_96495a5255bfe183,2026-09-11T13:34:29+08:00
https://v.douyin.com/VbdgIrHokHM/ 12/04 :5pm XMJ:/ J@V.Lw,7675895658934586664,为什么说那年你雷神叔叔选择了弹幕最多的救场方式 #雷神 #复仇者联盟 #漫威 #充能计划,私藏月色i,其他,,短发雷神虽然少了神气 但是更凸显神的气质 天选雷神在3里完美诠释,其他,2周前·天津,1,,,一级评论,user_b9e03b74d1f62656,2026-09-11T13:34:29+08:00
https://v.douyin.com/VbdgIrHokHM/ 12/04 :5pm XMJ:/ J@V.Lw,7675895658934586664,为什么说那年你雷神叔叔选择了弹幕最多的救场方式 #雷神 #复仇者联盟 #漫威 #充能计划,私藏月色i,其他,,其他几路全崩 上单神来之笔tp救场,其他,3周前·浙江,2,,,一级评论,user_c69e78c214e04805,2026-09-11T13:34:29+08:00
https://v.douyin.com/VbdgIrHokHM/ 12/04 :5pm XMJ:/ J@V.Lw,7675895658934586664,为什么说那年你雷神叔叔选择了弹幕最多的救场方式 #雷神 #复仇者联盟 #漫威 #充能计划,私藏月色i,其他,,雷神说过：反正我也没什么可以失去的了，,其他,2周前·广东,1,,,一级评论,user_331f1c03ab597f2f,2026-09-11T13:34:29+08:00
https://v.douyin.com/VbdgIrHokHM/ 12/04 :5pm XMJ:/ J@V.Lw,7675895658934586664,为什么说那年你雷神叔叔选择了弹幕最多的救场方式 #雷神 #复仇者联盟 #漫威 #充能计划,私藏月色i,其他,,这里索尔表现力强的一逼，如果美队三复联没有内战，在瓦坎达开启这一战拖到索尔过来，灭霸还真不一定能凑齐6颗宝石,其他,3周前·浙江,2,,,一级评论,user_62be66eb4e82c13b,2026-09-11T13:34:29+08:00
https://v.douyin.com/VbdgIrHokHM/ 12/04 :5pm XMJ:/ J@V.Lw,7675895658934586664,为什么说那年你雷神叔叔选择了弹幕最多的救场方式 #雷神 #复仇者联盟 #漫威 #充能计划,私藏月色i,其他,,可惜啊，这部电影的名字不叫雷神，要是叫雷神的话，灭霸已经挂了。,其他,1天前·山东,2,,,一级评论,user_c7b206a9c60a3099,2026-09-11T13:34:29+08:00
https://v.douyin.com/VbdgIrHokHM/ 12/04 :5pm XMJ:/ J@V.Lw,7675895658934586664,为什么说那年你雷神叔叔选择了弹幕最多的救场方式 #雷神 #复仇者联盟 #漫威 #充能计划,私藏月色i,其他,,谁能告诉我为啥这时期能压制灭霸后面让当狗踢,其他,2周前·黑龙江,2,3,,一级评论,user_de5f7fb56329606c,2026-09-11T13:34:29+08:00
https://v.douyin.com/VbdgIrHokHM/ 12/04 :5pm XMJ:/ J@V.Lw,7675895658934586664,为什么说那年你雷神叔叔选择了弹幕最多的救场方式 #雷神 #复仇者联盟 #漫威 #充能计划,私藏月色i,其他,,要是我是雷神，在灭霸没有六宝石后我直接给他捆起来每天给他当沙袋打折磨他心理等待最后再杀死他最好杀死后几天时光机出来了然后就是满状态去踹那个灭霸一锤一斧给他四肢砍了看他怎么打响指,其他,2周前·安徽,1,3,,一级评论,user_acec80e5db8fc2a7,2026-09-11T13:34:29+08:00
https://v.douyin.com/VbdgIrHokHM/ 12/04 :5pm XMJ:/ J@V.Lw,7675895658934586664,为什么说那年你雷神叔叔选择了弹幕最多的救场方式 #雷神 #复仇者联盟 #漫威 #充能计划,私藏月色i,其他,,无锤无斧雷神啥水平,其他,2周前·辽宁,3,4,,一级评论,user_c59e010297560c46,2026-09-11T13:34:35+08:00
https://v.douyin.com/VbdgIrHokHM/ 12/04 :5pm XMJ:/ J@V.Lw,7675895658934586664,为什么说那年你雷神叔叔选择了弹幕最多的救场方式 #雷神 #复仇者联盟 #漫威 #充能计划,私藏月色i,其他,,复联4削成啥了？,其他,3周前·广东,28,4,,一级评论,user_2938246f679ca386,2026-09-11T13:34:35+08:00
https://v.douyin.com/VbdgIrHokHM/ 12/04 :5pm XMJ:/ J@V.Lw,7675895658934586664,为什么说那年你雷神叔叔选择了弹幕最多的救场方式 #雷神 #复仇者联盟 #漫威 #充能计划,私藏月色i,其他,,好奇怪，雷神为什么不去泰坦星救人，不论如何也能打听到吧,其他,3周前·广东,50,54,,一级评论,user_c57f5ecbf37c0e9d,2026-09-11T13:34:35+08:00
https://v.douyin.com/VbdgIrHokHM/ 12/04 :5pm XMJ:/ J@V.Lw,7675895658934586664,为什么说那年你雷神叔叔选择了弹幕最多的救场方式 #雷神 #复仇者联盟 #漫威 #充能计划,私藏月色i,其他,,雷神只要苟着过几年就单体宇宙极限了,其他,2周前·上海,4,,,一级评论,user_8f8a4f954b79bddd,2026-09-11T13:34:35+08:00
https://v.douyin.com/VbdgIrHokHM/ 12/04 :5pm XMJ:/ J@V.Lw,7675895658934586664,为什么说那年你雷神叔叔选择了弹幕最多的救场方式 #雷神 #复仇者联盟 #漫威 #充能计划,私藏月色i,其他,,要知道这个时期的雷神是觉醒，愤怒加战斧三个buff加持，攻击力上面已经强的是超过六宝石脉冲了，复联四里面确实是吃胖导致没那么强，但是雷神四里面又练回来了，而且是蜕变状态，连神力咒语都开始融会贯通，最后还获得了强化版的锤子，这个时期的雷神打以往的任何反派，那都是一斧头劈下去直接完事。哦，然后后面就出了个两个手指能给风暴战斧接下来的毁灭博士,其他,3周前·江苏,3,,,一级评论,user_f024357c7b117cb1,2026-09-11T13:34:35+08:00
https://v.douyin.com/VbdgIrHokHM/ 12/04 :5pm XMJ:/ J@V.Lw,7675895658934586664,为什么说那年你雷神叔叔选择了弹幕最多的救场方式 #雷神 #复仇者联盟 #漫威 #充能计划,私藏月色i,其他,,豆逼,其他,那灭霸的理论有一套bug。宇宙中有很多的星球已经被灭霸清理掉一半人口了。他这个响指再清理一半人口，那些星球只剩1/4的人口。,3周前·浙江,2,,一级评论,user_326b9fb4ddc41ea7,2026-09-11T13:34:35+08:00
https://v.douyin.com/VbdgIrHokHM/ 12/04 :5pm XMJ:/ J@V.Lw,7675895658934586664,为什么说那年你雷神叔叔选择了弹幕最多的救场方式 #雷神 #复仇者联盟 #漫威 #充能计划,私藏月色i,其他,,抗住几千亿度高温的雷神能被电晕,其他,1天前·河南,0,,,一级评论,user_019c5d65f82dd053,2026-09-11T13:34:35+08:00
https://v.douyin.com/VbdgIrHokHM/ 12/04 :5pm XMJ:/ J@V.Lw,7675895658934586664,为什么说那年你雷神叔叔选择了弹幕最多的救场方式 #雷神 #复仇者联盟 #漫威 #充能计划,私藏月色i,其他,,"看着牛逼,其实雷神的地位也就跟中国的雷神差不多了,都是地球的自然现象,他弟弟那个才叫神",其他,1周前·广东,1,,,一级评论,user_0c5f15b9f9f3e77b,2026-09-11T13:34:35+08:00
https://v.douyin.com/VbdgIrHokHM/ 12/04 :5pm XMJ:/ J@V.Lw,7675895658934586664,为什么说那年你雷神叔叔选择了弹幕最多的救场方式 #雷神 #复仇者联盟 #漫威 #充能计划,私藏月色i,其他,,灭霸走哪儿就杀一半，只为平衡,其他,1周前·福建,4,,,一级评论,user_1f2cfa21a5db3fc5,2026-09-11T13:34:35+08:00
https://v.douyin.com/VbdgIrHokHM/ 12/04 :5pm XMJ:/ J@V.Lw,7675895658934586664,为什么说那年你雷神叔叔选择了弹幕最多的救场方式 #雷神 #复仇者联盟 #漫威 #充能计划,私藏月色i,其他,,索尔需不需要呼吸？我看他是在太空啊,其他,1天前·山东,0,,,一级评论,user_4ecab0ea7103422e,2026-09-11T13:34:35+08:00
https://v.douyin.com/VbdgIrHokHM/ 12/04 :5pm XMJ:/ J@V.Lw,7675895658934586664,为什么说那年你雷神叔叔选择了弹幕最多的救场方式 #雷神 #复仇者联盟 #漫威 #充能计划,私藏月色i,其他,,雷神没啤酒肚拿着暴风战斧和大结局没宝石的灭霸几几开？,其他,2天前·新疆,1,4,,一级评论,user_cec20431a11a0965,2026-09-11T13:34:45+08:00
https://v.douyin.com/VbdgIrHokHM/ 12/04 :5pm XMJ:/ J@V.Lw,7675895658934586664,为什么说那年你雷神叔叔选择了弹幕最多的救场方式 #雷神 #复仇者联盟 #漫威 #充能计划,私藏月色i,其他,,这个时候的雷神强的可怕,其他,5天前·安徽,0,,,一级评论,user_c76d116dfbaa8f6c,2026-09-11T13:34:45+08:00
https://v.douyin.com/VbdgIrHokHM/ 12/04 :5pm XMJ:/ J@V.Lw,7675895658934586664,为什么说那年你雷神叔叔选择了弹幕最多的救场方式 #雷神 #复仇者联盟 #漫威 #充能计划,私藏月色i,其他,,救场虽然很帅，但灭霸这边都打到水晶了，雷神还在开大刷小兵,其他,1天前·山东,3,,,一级评论,user_8401340d5d7dce4f,2026-09-11T13:34:45+08:00
https://v.douyin.com/VbdgIrHokHM/ 12/04 :5pm XMJ:/ J@V.Lw,7675895658934586664,为什么说那年你雷神叔叔选择了弹幕最多的救场方式 #雷神 #复仇者联盟 #漫威 #充能计划,私藏月色i,其他,,真如奥丁所说 他任然是一位骄傲自负的神,其他,2天前·湖南,0,,,一级评论,user_796b8baeb62afbf3,2026-09-11T13:34:45+08:00
https://v.douyin.com/VbdgIrHokHM/ 12/04 :5pm XMJ:/ J@V.Lw,7675895658934586664,为什么说那年你雷神叔叔选择了弹幕最多的救场方式 #雷神 #复仇者联盟 #漫威 #充能计划,私藏月色i,其他,,还没有引出惊奇队长的时侯，雷神就是复仇者的主要输出,其他,2周前·广西,2,,,一级评论,user_fef09ce99599b24e,2026-09-11T13:34:46+08:00
https://v.douyin.com/VbdgIrHokHM/ 12/04 :5pm XMJ:/ J@V.Lw,7675895658934586664,为什么说那年你雷神叔叔选择了弹幕最多的救场方式 #雷神 #复仇者联盟 #漫威 #充能计划,私藏月色i,其他,,漫威背景最惨的两个角色：彼得帕克和索尔,其他,2周前·上海,4,,,一级评论,user_d58a324585a2e753,2026-09-11T13:34:46+08:00
https://v.douyin.com/VbdgIrHokHM/ 12/04 :5pm XMJ:/ J@V.Lw,7675895658934586664,为什么说那年你雷神叔叔选择了弹幕最多的救场方式 #雷神 #复仇者联盟 #漫威 #充能计划,私藏月色i,其他,,当年这雷霆大跳在电影院里给小小的老子造成了不小的震撼,其他,2周前·云南,2,,,一级评论,user_f24b294a4e84b896,2026-09-11T13:34:46+08:00
https://v.douyin.com/VbdgIrHokHM/ 12/04 :5pm XMJ:/ J@V.Lw,7675895658934586664,为什么说那年你雷神叔叔选择了弹幕最多的救场方式 #雷神 #复仇者联盟 #漫威 #充能计划,私藏月色i,其他,,班纳看到雷神还活着，开心的打开了面罩,其他,1周前·山东,1,,,一级评论,user_ec75ada5ff02aac1,2026-09-11T13:34:46+08:00
https://v.douyin.com/VbdgIrHokHM/ 12/04 :5pm XMJ:/ J@V.Lw,7675895658934586664,为什么说那年你雷神叔叔选择了弹幕最多的救场方式 #雷神 #复仇者联盟 #漫威 #充能计划,私藏月色i,其他,,三的时候是巅峰，但凡锤子还在两神器杀穿了，四的时候有双神器可惜良子顶号了，后面还把锤子给美队用了，最理想的形态就是三的身体+暴风战斧+雷神之锤，这个时候要是能用意念操控宙斯的闪电剑，完全可以称霸宇宙了,其他,4天前·江苏,1,,,一级评论,user_771aad3c517f4295,2026-09-11T13:34:46+08:00
https://v.douyin.com/VbdgIrHokHM/ 12/04 :5pm XMJ:/ J@V.Lw,7675895658934586664,为什么说那年你雷神叔叔选择了弹幕最多的救场方式 #雷神 #复仇者联盟 #漫威 #充能计划,私藏月色i,其他,,关键雷神中途杀回来，没有带麦，灭霸刚来的时候，他还在清线,其他,2周前·河南,3,,,一级评论,user_d4fade8431c0b433,2026-09-11T13:34:46+08:00
https://v.douyin.com/VbdgIrHokHM/ 12/04 :5pm XMJ:/ J@V.Lw,7675895658934586664,为什么说那年你雷神叔叔选择了弹幕最多的救场方式 #雷神 #复仇者联盟 #漫威 #充能计划,私藏月色i,其他,,为什么最近几个月总是有这种剪辑风格一开始先抛个为什么谁谁谁怎么样  然后来首歌：该怎么形容你最贴切；最后片头的问题到视频结尾也没解答，纯是个电影解说,其他,22小时前·北京,4,3,,一级评论,user_a0ec8fe75d9fee90,2026-09-11T13:34:51+08:00
https://v.douyin.com/VbdgIrHokHM/ 12/04 :5pm XMJ:/ J@V.Lw,7675895658934586664,为什么说那年你雷神叔叔选择了弹幕最多的救场方式 #雷神 #复仇者联盟 #漫威 #充能计划,私藏月色i,其他,,当年看到雷神救场真的以为稳了,其他,1天前·湖北,0,,,一级评论,user_080ea88f229f1a15,2026-09-11T13:34:56+08:00
https://v.douyin.com/VbdgIrHokHM/ 12/04 :5pm XMJ:/ J@V.Lw,7675895658934586664,为什么说那年你雷神叔叔选择了弹幕最多的救场方式 #雷神 #复仇者联盟 #漫威 #充能计划,私藏月色i,其他,,"告诉我
该喊雷神什么？",其他,2周前·河南,6,2,,一级评论,user_0a99824f5080ff8d,2026-09-11T13:34:56+08:00
https://v.douyin.com/VbdgIrHokHM/ 12/04 :5pm XMJ:/ J@V.Lw,7675895658934586664,为什么说那年你雷神叔叔选择了弹幕最多的救场方式 #雷神 #复仇者联盟 #漫威 #充能计划,私藏月色i,其他,,弹幕骂雷神的都来了,其他,2周前·江苏,3,,,一级评论,user_83875eb2e2e64473,2026-09-11T13:34:56+08:00
https://v.douyin.com/VbdgIrHokHM/ 12/04 :5pm XMJ:/ J@V.Lw,7675895658934586664,为什么说那年你雷神叔叔选择了弹幕最多的救场方式 #雷神 #复仇者联盟 #漫威 #充能计划,私藏月色i,其他,,突然想到一个很扎心的问题，灭霸收集宝石过程中杀掉的一半人，在复联四浩克打响指后不会复活了,其他,2周前·广东,14,2,,一级评论,user_b5a4099580224ab3,2026-09-11T13:34:56+08:00
https://v.douyin.com/VbdgIrHokHM/ 12/04 :5pm XMJ:/ J@V.Lw,7675895658934586664,为什么说那年你雷神叔叔选择了弹幕最多的救场方式 #雷神 #复仇者联盟 #漫威 #充能计划,私藏月色i,其他,,诺基下线的太草率了，再说他是诡计之神，我觉得他的能力能和灭霸掰掰手腕子，他的计谋以及人脉,其他,3周前·浙江,2,5,,一级评论,user_cbe1a568ec1fffe6,2026-09-11T13:34:56+08:00
https://v.douyin.com/VbdgIrHokHM/ 12/04 :5pm XMJ:/ J@V.Lw,7675895658934586664,为什么说那年你雷神叔叔选择了弹幕最多的救场方式 #雷神 #复仇者联盟 #漫威 #充能计划,私藏月色i,其他,,复联三一出索尔已是当世最强,其他,6天前·云南,0,,,一级评论,user_49c9e553c8f5c2cc,2026-09-11T13:34:56+08:00
https://v.douyin.com/VbdgIrHokHM/ 12/04 :5pm XMJ:/ J@V.Lw,7675895658934586664,为什么说那年你雷神叔叔选择了弹幕最多的救场方式 #雷神 #复仇者联盟 #漫威 #充能计划,私藏月色i,其他,,为啥不用这个把阀门绑住,其他,3周前·山西,19,5,,一级评论,user_bfb70c57f873123a,2026-09-11T13:34:56+08:00
https://v.douyin.com/VbdgIrHokHM/ 12/04 :5pm XMJ:/ J@V.Lw,7675895658934586664,为什么说那年你雷神叔叔选择了弹幕最多的救场方式 #雷神 #复仇者联盟 #漫威 #充能计划,私藏月色i,其他,,开学了终于清净了，前段时间不是激素小子就是铁皮狗，就是放电小子满弹幕飘,其他,2天前·江苏,1,,,一级评论,user_3db47f5290877cf9,2026-09-11T13:34:56+08:00
https://v.douyin.com/VbdgIrHokHM/ 12/04 :5pm XMJ:/ J@V.Lw,7675895658934586664,为什么说那年你雷神叔叔选择了弹幕最多的救场方式 #雷神 #复仇者联盟 #漫威 #充能计划,私藏月色i,其他,,索尔来之前 只有罗德有伤害 那么发达的科技上去肉搏,其他,3周前·江苏,15,,,一级评论,user_8ad5fd85ab26d121,2026-09-11T13:34:56+08:00
https://v.douyin.com/VbdgIrHokHM/ 12/04 :5pm XMJ:/ J@V.Lw,7675895658934586664,为什么说那年你雷神叔叔选择了弹幕最多的救场方式 #雷神 #复仇者联盟 #漫威 #充能计划,私藏月色i,其他,,这些英雄看着风光无限 其实经历都很悲惨,分享经历,1天前·广东,2,,,一级评论,user_cc47d348877c3e46,2026-09-11T13:34:56+08:00
https://v.douyin.com/VbdgIrHokHM/ 12/04 :5pm XMJ:/ J@V.Lw,7675895658934586664,为什么说那年你雷神叔叔选择了弹幕最多的救场方式 #雷神 #复仇者联盟 #漫威 #充能计划,私藏月色i,其他,,雷神这发型是真的帅啊,其他,3周前·河北,68,2,,一级评论,user_17c80b417064e4f2,2026-09-11T13:35:02+08:00
https://v.douyin.com/VbdgIrHokHM/ 12/04 :5pm XMJ:/ J@V.Lw,7675895658934586664,为什么说那年你雷神叔叔选择了弹幕最多的救场方式 #雷神 #复仇者联盟 #漫威 #充能计划,私藏月色i,其他,,雷神的恒星背展为啥没人模仿呢？,其他,1周前·河南,1,1,,一级评论,user_3efc3f2266916e8b,2026-09-11T13:35:02+08:00
https://v.douyin.com/VbdgIrHokHM/ 12/04 :5pm XMJ:/ J@V.Lw,7675895658934586664,为什么说那年你雷神叔叔选择了弹幕最多的救场方式 #雷神 #复仇者联盟 #漫威 #充能计划,私藏月色i,其他,,说白了联盟这几部电影雷神不削反派根本玩不了,其他,2周前·河北,1,1,,一级评论,user_918f7eb7203caa9f,2026-09-11T13:35:02+08:00
https://v.douyin.com/VbdgIrHokHM/ 12/04 :5pm XMJ:/ J@V.Lw,7675895658934586664,为什么说那年你雷神叔叔选择了弹幕最多的救场方式 #雷神 #复仇者联盟 #漫威 #充能计划,私藏月色i,其他,,我是真没想到暴风战斧能硬扛6颗宝石的力量这时的实力应该是天父级了吧,其他,3周前·湖南,37,12,,一级评论,user_124c632049211f7b,2026-09-11T13:35:02+08:00
https://v.douyin.com/VbdgIrHokHM/ 12/04 :5pm XMJ:/ J@V.Lw,7675895658934586664,为什么说那年你雷神叔叔选择了弹幕最多的救场方式 #雷神 #复仇者联盟 #漫威 #充能计划,私藏月色i,其他,,当时跳起来这一下整个影院都是雷声那种轰鸣 真的很难忘,其他,3周前·江苏,9,1,,一级评论,user_d9f2fca237b02e38,2026-09-11T13:35:02+08:00
https://v.douyin.com/VbdgIrHokHM/ 12/04 :5pm XMJ:/ J@V.Lw,7675895658934586664,为什么说那年你雷神叔叔选择了弹幕最多的救场方式 #雷神 #复仇者联盟 #漫威 #充能计划,私藏月色i,其他,,短发雷神可以竞选地球球草,其他,1周前·黑龙江,0,,,一级评论,user_3568896ae5eb0f87,2026-09-11T13:35:03+08:00
https://v.douyin.com/VbdgIrHokHM/ 12/04 :5pm XMJ:/ J@V.Lw,7675895658934586664,为什么说那年你雷神叔叔选择了弹幕最多的救场方式 #雷神 #复仇者联盟 #漫威 #充能计划,私藏月色i,其他,,前面你雷神叔叔惨的路边一条   后期终于是回来了神,其他,2周前·辽宁,1,,,一级评论,user_6956663c72eda8a9,2026-09-11T13:35:03+08:00
https://v.douyin.com/VbdgIrHokHM/ 12/04 :5pm XMJ:/ J@V.Lw,7675895658934586664,为什么说那年你雷神叔叔选择了弹幕最多的救场方式 #雷神 #复仇者联盟 #漫威 #充能计划,私藏月色i,其他,,当时在电影院，看到手握暴风战斧救场的索尔真觉得赢定了,其他,1周前·四川,0,,,一级评论,,2026-09-11T13:35:03+08:00
https://v.douyin.com/VbdgIrHokHM/ 12/04 :5pm XMJ:/ J@V.Lw,7675895658934586664,为什么说那年你雷神叔叔选择了弹幕最多的救场方式 #雷神 #复仇者联盟 #漫威 #充能计划,私藏月色i,其他,,这次救场是真的天神下凡了，谁看了能不激动,其他,4天前·广东,6,,,一级评论,user_9456383eae7546c2,2026-09-11T13:35:03+08:00
https://v.douyin.com/VbdgIrHokHM/ 12/04 :5pm XMJ:/ J@V.Lw,7675895658934586664,为什么说那年你雷神叔叔选择了弹幕最多的救场方式 #雷神 #复仇者联盟 #漫威 #充能计划,私藏月色i,其他,,兔子和树人：咱们三真强,其他,5天前·广东,5,,,一级评论,user_3087d258bbf1c932,2026-09-11T13:35:03+08:00
https://v.douyin.com/VbdgIrHokHM/ 12/04 :5pm XMJ:/ J@V.Lw,7675895658934586664,为什么说那年你雷神叔叔选择了弹幕最多的救场方式 #雷神 #复仇者联盟 #漫威 #充能计划,私藏月色i,其他,,雷神拉闸那一段致敬瓦罗兰特21冠军ak,其他,2周前·云南,3,1,,一级评论,user_695e3f4ffc439cc4,2026-09-11T13:35:11+08:00
https://v.douyin.com/VbdgIrHokHM/ 12/04 :5pm XMJ:/ J@V.Lw,7675895658934586664,为什么说那年你雷神叔叔选择了弹幕最多的救场方式 #雷神 #复仇者联盟 #漫威 #充能计划,私藏月色i,其他,,这里就是材料熔化了 神器就出来了 看不出来矮人王多牛逼阿,其他,3周前·福建,32,4,,一级评论,user_2b1b8e3aeee705d9,2026-09-11T13:35:11+08:00
https://v.douyin.com/VbdgIrHokHM/ 12/04 :5pm XMJ:/ J@V.Lw,7675895658934586664,为什么说那年你雷神叔叔选择了弹幕最多的救场方式 #雷神 #复仇者联盟 #漫威 #充能计划,私藏月色i,其他,,雷神没砍头，凯皇没踢头,其他,2周前·江苏,8,3,,一级评论,user_668197134d13ee8a,2026-09-11T13:35:11+08:00
https://v.douyin.com/VbdgIrHokHM/ 12/04 :5pm XMJ:/ J@V.Lw,7675895658934586664,为什么说那年你雷神叔叔选择了弹幕最多的救场方式 #雷神 #复仇者联盟 #漫威 #充能计划,私藏月色i,其他,,直接去泰坦星就没第四部了,其他,3周前·浙江,34,13,,一级评论,user_cb617ff67934487f,2026-09-11T13:35:11+08:00
https://v.douyin.com/VbdgIrHokHM/ 12/04 :5pm XMJ:/ J@V.Lw,7675895658934586664,为什么说那年你雷神叔叔选择了弹幕最多的救场方式 #雷神 #复仇者联盟 #漫威 #充能计划,私藏月色i,其他,,真的被惊艳到了,其他,1周前·山东,0,,,一级评论,user_01e295d8acd4d05b,2026-09-11T13:35:11+08:00
https://v.douyin.com/VbdgIrHokHM/ 12/04 :5pm XMJ:/ J@V.Lw,7675895658934586664,为什么说那年你雷神叔叔选择了弹幕最多的救场方式 #雷神 #复仇者联盟 #漫威 #充能计划,私藏月色i,其他,,要不是复联3响指打了下去，有可能雷神真的能随便打死灭霸,其他,3周前·河北,6,,,一级评论,user_7a9b9540374aefae,2026-09-11T13:35:11+08:00
https://v.douyin.com/VbdgIrHokHM/ 12/04 :5pm XMJ:/ J@V.Lw,7675895658934586664,为什么说那年你雷神叔叔选择了弹幕最多的救场方式 #雷神 #复仇者联盟 #漫威 #充能计划,私藏月色i,其他,,妇联不会看第二遍,其他,2周前·河南,0,,,一级评论,user_13b87a6457b38f80,2026-09-11T13:35:11+08:00
https://v.douyin.com/VbdgIrHokHM/ 12/04 :5pm XMJ:/ J@V.Lw,7675895658934586664,为什么说那年你雷神叔叔选择了弹幕最多的救场方式 #雷神 #复仇者联盟 #漫威 #充能计划,私藏月色i,其他,,这一斧子下来东北雨姐都扛不住,其他,1周前·广东,0,,,一级评论,user_bc39e60eeb38dbe9,2026-09-11T13:35:11+08:00
https://v.douyin.com/VbdgIrHokHM/ 12/04 :5pm XMJ:/ J@V.Lw,7675895658934586664,为什么说那年你雷神叔叔选择了弹幕最多的救场方式 #雷神 #复仇者联盟 #漫威 #充能计划,私藏月色i,其他,,后面的洛基：哈哈哈我又回来了，我就没走,其他,4天前·北京,1,,,一级评论,user_f08045f347362969,2026-09-11T13:35:11+08:00
https://v.douyin.com/VbdgIrHokHM/ 12/04 :5pm XMJ:/ J@V.Lw,7675895658934586664,为什么说那年你雷神叔叔选择了弹幕最多的救场方式 #雷神 #复仇者联盟 #漫威 #充能计划,私藏月色i,其他,,你索尔叔叔就是输在了智商上，要是想到能砍手和头，早就没有复联四了,其他,2周前·湖南,1,,,一级评论,user_5cb755500c650288,2026-09-11T13:35:11+08:00
https://v.douyin.com/VbdgIrHokHM/ 12/04 :5pm XMJ:/ J@V.Lw,7675895658934586664,为什么说那年你雷神叔叔选择了弹幕最多的救场方式 #雷神 #复仇者联盟 #漫威 #充能计划,私藏月色i,其他,,很喜欢索尔，虽然前面表现得有点呆呆的，但是从雷神3以后就成为了一个真正的神明,其他,2周前·四川,8,2,,一级评论,user_12e519dfd8c2a4ff,2026-09-11T13:35:20+08:00
https://v.douyin.com/VbdgIrHokHM/ 12/04 :5pm XMJ:/ J@V.Lw,7675895658934586664,为什么说那年你雷神叔叔选择了弹幕最多的救场方式 #雷神 #复仇者联盟 #漫威 #充能计划,私藏月色i,其他,,今晚打算重温一遍复联三和复联四  年底五就出了   回忆一下,其他,3周前·河北,17,3,,一级评论,user_6e682d380c4afe5a,2026-09-11T13:35:20+08:00
https://v.douyin.com/VbdgIrHokHM/ 12/04 :5pm XMJ:/ J@V.Lw,7675895658934586664,为什么说那年你雷神叔叔选择了弹幕最多的救场方式 #雷神 #复仇者联盟 #漫威 #充能计划,私藏月色i,其他,,感觉雷神每次都是最先挑战boss,其他,2周前·广东,1,,,一级评论,user_6ca8d1494aa5aa4c,2026-09-11T13:35:20+08:00
https://v.douyin.com/VbdgIrHokHM/ 12/04 :5pm XMJ:/ J@V.Lw,7675895658934586664,为什么说那年你雷神叔叔选择了弹幕最多的救场方式 #雷神 #复仇者联盟 #漫威 #充能计划,私藏月色i,其他,,雷神都知道，清完兵线再团,其他,2周前·甘肃,1,,,一级评论,user_f807b20609986701,2026-09-11T13:35:20+08:00
https://v.douyin.com/VbdgIrHokHM/ 12/04 :5pm XMJ:/ J@V.Lw,7675895658934586664,为什么说那年你雷神叔叔选择了弹幕最多的救场方式 #雷神 #复仇者联盟 #漫威 #充能计划,私藏月色i,其他,,我就想不明白3的时候顶着五个宝石斧头甩到灭霸身体上，4打不过一个宝石的灭霸,其他,2天前·江苏,0,1,,一级评论,user_874f2fbef0d82c42,2026-09-11T13:35:20+08:00
https://v.douyin.com/VbdgIrHokHM/ 12/04 :5pm XMJ:/ J@V.Lw,7675895658934586664,为什么说那年你雷神叔叔选择了弹幕最多的救场方式 #雷神 #复仇者联盟 #漫威 #充能计划,私藏月色i,其他,,但凡灭霸迟十秒钟没有集齐 6 颗宝石来阻挡暴风战斧，哪怕是 5 颗宝石，估计直接就被雷神这一下劈成两半了,其他,3周前·浙江,8,,,一级评论,user_e0dff7eaa5af41de,2026-09-11T13:35:20+08:00
https://v.douyin.com/VbdgIrHokHM/ 12/04 :5pm XMJ:/ J@V.Lw,7675895658934586664,为什么说那年你雷神叔叔选择了弹幕最多的救场方式 #雷神 #复仇者联盟 #漫威 #充能计划,私藏月色i,其他,,星爵一拳打出复联四，雷神一斧劈出复联四。逗比二人是复联3最严厉的父亲，也是复联四的两大功臣,其他,3周前·山西,2,,,一级评论,user_5f34ce8b0678e459,2026-09-11T13:35:20+08:00
https://v.douyin.com/VbdgIrHokHM/ 12/04 :5pm XMJ:/ J@V.Lw,7675895658934586664,为什么说那年你雷神叔叔选择了弹幕最多的救场方式 #雷神 #复仇者联盟 #漫威 #充能计划,私藏月色i,其他,,复仇者联盟好看是因为每一部都串联其他同期电影和电视剧,其他,2周前·上海,0,,,一级评论,user_a343eaf107668dda,2026-09-11T13:35:20+08:00
https://v.douyin.com/VbdgIrHokHM/ 12/04 :5pm XMJ:/ J@V.Lw,7675895658934586664,为什么说那年你雷神叔叔选择了弹幕最多的救场方式 #雷神 #复仇者联盟 #漫威 #充能计划,私藏月色i,其他,,身为观众的我们，直接就是性压抑,其他,3周前·浙江,1,,,一级评论,user_d140c736f67b1f3d,2026-09-11T13:35:20+08:00
https://v.douyin.com/VbdgIrHokHM/ 12/04 :5pm XMJ:/ J@V.Lw,7675895658934586664,为什么说那年你雷神叔叔选择了弹幕最多的救场方式 #雷神 #复仇者联盟 #漫威 #充能计划,私藏月色i,其他,,用彩虹桥回到地球，索尔又回到族人死去的地方了,其他,2周前·河南,1,,,一级评论,user_c13aa6119473e439,2026-09-11T13:35:20+08:00
https://v.douyin.com/VbdgIrHokHM/ 12/04 :5pm XMJ:/ J@V.Lw,7675895658934586664,为什么说那年你雷神叔叔选择了弹幕最多的救场方式 #雷神 #复仇者联盟 #漫威 #充能计划,私藏月色i,其他,,惊奇绯红之下，雷神无敌,其他,3周前·广东,60,17,,一级评论,user_7b1fe0e06bf8c645,2026-09-11T13:35:28+08:00
https://v.douyin.com/VbdgIrHokHM/ 12/04 :5pm XMJ:/ J@V.Lw,7675895658934586664,为什么说那年你雷神叔叔选择了弹幕最多的救场方式 #雷神 #复仇者联盟 #漫威 #充能计划,私藏月色i,其他,,一直有个疑问 阿斯加德没了 海姆达尔也死了 彩虹桥是怎么召唤出来的,其他,1周前·湖南,6,2,,一级评论,user_48f7aaa48185c239,2026-09-11T13:35:28+08:00
https://v.douyin.com/VbdgIrHokHM/ 12/04 :5pm XMJ:/ J@V.Lw,7675895658934586664,为什么说那年你雷神叔叔选择了弹幕最多的救场方式 #雷神 #复仇者联盟 #漫威 #充能计划,私藏月色i,其他,,这会儿都雷神把手套灭霸给劈了，过了几年打不过原皮灭霸,其他,2天前·浙江,2,1,,一级评论,user_755a5176c90b2e71,2026-09-11T13:35:28+08:00
https://v.douyin.com/VbdgIrHokHM/ 12/04 :5pm XMJ:/ J@V.Lw,7675895658934586664,为什么说那年你雷神叔叔选择了弹幕最多的救场方式 #雷神 #复仇者联盟 #漫威 #充能计划,私藏月色i,其他,,雷神复联四没喝酒说不定大结局就能单刷灭霸了,其他,2天前·四川,3,1,,一级评论,user_cb3e6405b1d7de86,2026-09-11T13:35:28+08:00
https://v.douyin.com/VbdgIrHokHM/ 12/04 :5pm XMJ:/ J@V.Lw,7675895658934586664,为什么说那年你雷神叔叔选择了弹幕最多的救场方式 #雷神 #复仇者联盟 #漫威 #充能计划,私藏月色i,其他,,所以那个时候的洛基到底死了没，漫威后面又出电视剧洛基又没死,其他,1周前·阿联酋,2,2,,一级评论,user_98ae248df4fccea1,2026-09-11T13:35:28+08:00
https://v.douyin.com/VbdgIrHokHM/ 12/04 :5pm XMJ:/ J@V.Lw,7675895658934586664,为什么说那年你雷神叔叔选择了弹幕最多的救场方式 #雷神 #复仇者联盟 #漫威 #充能计划,私藏月色i,其他,,雷神3下线了两个能压着灭霸打的战力，就算是风暴战斧的雷神也完全打不过海拉，如果海拉在飞船上能一打五,其他,2天前·安徽,1,,,一级评论,user_b109f2913af2ed07,2026-09-11T13:35:28+08:00
https://v.douyin.com/VbdgIrHokHM/ 12/04 :5pm XMJ:/ J@V.Lw,7675895658934586664,为什么说那年你雷神叔叔选择了弹幕最多的救场方式 #雷神 #复仇者联盟 #漫威 #充能计划,私藏月色i,其他,,感觉雷神让削弱成啥了都有神格了按理说没有暴风战斧也是碾压级别吧,其他,2周前·山西,5,2,,一级评论,user_55bff8288deaab5a,2026-09-11T13:35:28+08:00
https://v.douyin.com/VbdgIrHokHM/ 12/04 :5pm XMJ:/ J@V.Lw,7675895658934586664,为什么说那年你雷神叔叔选择了弹幕最多的救场方式 #雷神 #复仇者联盟 #漫威 #充能计划,私藏月色i,其他,,这小浣熊好搞笑跟着雷神屁颠屁颠跑,其他,5天前·广东,0,,,一级评论,user_41da7bc077a20a34,2026-09-11T13:35:28+08:00
https://v.douyin.com/VbdgIrHokHM/ 12/04 :5pm XMJ:/ J@V.Lw,7675895658934586664,为什么说那年你雷神叔叔选择了弹幕最多的救场方式 #雷神 #复仇者联盟 #漫威 #充能计划,私藏月色i,其他,,索尔的巅峰时刻整个复联3，对灭霸单体伤害最高，一斧子扎进去,其他,2周前·北京,3,,,一级评论,user_80d7d0eac1d6ad70,2026-09-11T13:35:28+08:00
https://v.douyin.com/VbdgIrHokHM/ 12/04 :5pm XMJ:/ J@V.Lw,7675895658934586664,为什么说那年你雷神叔叔选择了弹幕最多的救场方式 #雷神 #复仇者联盟 #漫威 #充能计划,私藏月色i,其他,,真是啥都失去了 所以这样的变强是实打实的 没有人可以不服,其他,2周前·广东,3,,,一级评论,user_ca400f6354bcd320,2026-09-11T13:35:28+08:00
https://v.douyin.com/VbdgIrHokHM/ 12/04 :5pm XMJ:/ J@V.Lw,7675895658934586664,为什么说那年你雷神叔叔选择了弹幕最多的救场方式 #雷神 #复仇者联盟 #漫威 #充能计划,私藏月色i,其他,,难以想象这样都能承受，雷神3稍微电击一下就倒地了,其他,2周前·天津,10,3,,一级评论,user_a85fde15fc8e2cf7,2026-09-11T13:35:38+08:00
https://v.douyin.com/VbdgIrHokHM/ 12/04 :5pm XMJ:/ J@V.Lw,7675895658934586664,为什么说那年你雷神叔叔选择了弹幕最多的救场方式 #雷神 #复仇者联盟 #漫威 #充能计划,私藏月色i,其他,,雷神特效最好做了,其他,1周前·辽宁,0,,,一级评论,user_a2d5fdeb3fdb59b3,2026-09-11T13:35:38+08:00
https://v.douyin.com/VbdgIrHokHM/ 12/04 :5pm XMJ:/ J@V.Lw,7675895658934586664,为什么说那年你雷神叔叔选择了弹幕最多的救场方式 #雷神 #复仇者联盟 #漫威 #充能计划,私藏月色i,其他,,非要等幻视被爆头了才去单挑灭霸,其他,3周前·重庆,1,2,,一级评论,user_94c588a7a27cee48,2026-09-11T13:35:38+08:00
https://v.douyin.com/VbdgIrHokHM/ 12/04 :5pm XMJ:/ J@V.Lw,7675895658934586664,为什么说那年你雷神叔叔选择了弹幕最多的救场方式 #雷神 #复仇者联盟 #漫威 #充能计划,私藏月色i,其他,,阿斯加德人的增益是越老越强,其他,1周前·江西,0,,,一级评论,user_90f186bb7e785796,2026-09-11T13:35:38+08:00
https://v.douyin.com/VbdgIrHokHM/ 12/04 :5pm XMJ:/ J@V.Lw,7675895658934586664,为什么说那年你雷神叔叔选择了弹幕最多的救场方式 #雷神 #复仇者联盟 #漫威 #充能计划,私藏月色i,其他,,所以，班纳为什么不变身浩克，为什么选择用反浩克装甲,其他,1周前·湖北,1,6,,一级评论,user_a0051e25c04ff081,2026-09-11T13:35:38+08:00
https://v.douyin.com/VbdgIrHokHM/ 12/04 :5pm XMJ:/ J@V.Lw,7675895658934586664,为什么说那年你雷神叔叔选择了弹幕最多的救场方式 #雷神 #复仇者联盟 #漫威 #充能计划,私藏月色i,其他,,这时候雷神基本上就是复联最强了，可惜后面被削的太严重了成胖雷神了，不然后面三巨头应该能压制灭霸打,其他,1周前·中国香港,3,,,一级评论,user_afbe42e657539287,2026-09-11T13:35:38+08:00
https://v.douyin.com/VbdgIrHokHM/ 12/04 :5pm XMJ:/ J@V.Lw,7675895658934586664,为什么说那年你雷神叔叔选择了弹幕最多的救场方式 #雷神 #复仇者联盟 #漫威 #充能计划,私藏月色i,其他,,我认为复联三可以排影史第一,其他,3周前·山西,2,,,一级评论,user_19e9712e322908ff,2026-09-11T13:35:38+08:00
https://v.douyin.com/VbdgIrHokHM/ 12/04 :5pm XMJ:/ J@V.Lw,7675895658934586664,为什么说那年你雷神叔叔选择了弹幕最多的救场方式 #雷神 #复仇者联盟 #漫威 #充能计划,私藏月色i,其他,,"复联三：全场MVP雷神！
最大一坨：星爵",其他,3周前·河北,1,,,一级评论,user_15b10ab9c71b6ed4,2026-09-11T13:35:38+08:00
https://v.douyin.com/VbdgIrHokHM/ 12/04 :5pm XMJ:/ J@V.Lw,7675895658934586664,为什么说那年你雷神叔叔选择了弹幕最多的救场方式 #雷神 #复仇者联盟 #漫威 #充能计划,私藏月色i,其他,,"起初被灭霸狂揍都没事我以为是坦克
看见他拿着斧头锤子我又以为是战士
又看见他大范围魔法伤害又以为是法师
然后又看见他拿雷电给钢铁侠充电又以为是辅助   他真的太全能了",其他,2周前·广西,1,,,一级评论,user_0e3ab0ba20e223b7,2026-09-11T13:35:38+08:00
https://v.douyin.com/VbdgIrHokHM/ 12/04 :5pm XMJ:/ J@V.Lw,7675895658934586664,为什么说那年你雷神叔叔选择了弹幕最多的救场方式 #雷神 #复仇者联盟 #漫威 #充能计划,私藏月色i,其他,,但是我说实话为什么复联三他能把灭霸打成这样然后复联四的时候为什么加上美队跟钢铁侠三个人都打不过灭霸没宝石呢这是为什么谁能解释一下这不崩坏吗战力谁能解释呢？,其他,3周前·青海,1,5,,一级评论,user_89bb81fa829df93b,2026-09-11T13:35:38+08:00
https://v.douyin.com/VbdgIrHokHM/ 12/04 :5pm XMJ:/ J@V.Lw,7675895658934586664,为什么说那年你雷神叔叔选择了弹幕最多的救场方式 #雷神 #复仇者联盟 #漫威 #充能计划,私藏月色i,其他,,灭霸，你给我出来！,其他,3周前·海南,12,2,,一级评论,user_1f6f79d00cd192a1,2026-09-11T13:35:48+08:00
https://v.douyin.com/VbdgIrHokHM/ 12/04 :5pm XMJ:/ J@V.Lw,7675895658934586664,为什么说那年你雷神叔叔选择了弹幕最多的救场方式 #雷神 #复仇者联盟 #漫威 #充能计划,私藏月色i,其他,,好想买ulucky灰绷带啊，可是只有318块钱了，要是有劵就买了,其他,1周前·江西,0,,,一级评论,user_12a74950fc5d0066,2026-09-11T13:35:48+08:00
https://v.douyin.com/VbdgIrHokHM/ 12/04 :5pm XMJ:/ J@V.Lw,7675895658934586664,为什么说那年你雷神叔叔选择了弹幕最多的救场方式 #雷神 #复仇者联盟 #漫威 #充能计划,私藏月色i,其他,,生命低于20%  开启自动想爹,其他,3周前·河北,57,1,,一级评论,user_7fc8ce9bd6c32671,2026-09-11T13:35:48+08:00
https://v.douyin.com/VbdgIrHokHM/ 12/04 :5pm XMJ:/ J@V.Lw,7675895658934586664,为什么说那年你雷神叔叔选择了弹幕最多的救场方式 #雷神 #复仇者联盟 #漫威 #充能计划,私藏月色i,其他,,你雷神叔叔同样的一斧子去砍毁灭博士，博士两根手指挡住了，跟正义联盟里荒原狼砍超人一样,其他,2周前·上海,2,,,一级评论,user_32bceb76a8a1aeef,2026-09-11T13:35:48+08:00
https://v.douyin.com/VbdgIrHokHM/ 12/04 :5pm XMJ:/ J@V.Lw,7675895658934586664,为什么说那年你雷神叔叔选择了弹幕最多的救场方式 #雷神 #复仇者联盟 #漫威 #充能计划,私藏月色i,其他,,雷神是个神,其他,1周前·北京,1,,,一级评论,user_7987f9eda4d2fee4,2026-09-11T13:35:48+08:00
https://v.douyin.com/VbdgIrHokHM/ 12/04 :5pm XMJ:/ J@V.Lw,7675895658934586664,为什么说那年你雷神叔叔选择了弹幕最多的救场方式 #雷神 #复仇者联盟 #漫威 #充能计划,私藏月色i,其他,,以雷霆击碎黑暗,其他,2周前·山东,1,,,一级评论,user_6c7aaed1e907999a,2026-09-11T13:35:48+08:00
https://v.douyin.com/VbdgIrHokHM/ 12/04 :5pm XMJ:/ J@V.Lw,7675895658934586664,为什么说那年你雷神叔叔选择了弹幕最多的救场方式 #雷神 #复仇者联盟 #漫威 #充能计划,私藏月色i,其他,,你雷神叔叔要不是复联四天天酗酒，他能把无宝石灭霸按在地上打,其他,3周前·湖南,4,,,一级评论,user_b678928db28abc99,2026-09-11T13:35:48+08:00
https://v.douyin.com/VbdgIrHokHM/ 12/04 :5pm XMJ:/ J@V.Lw,7675895658934586664,为什么说那年你雷神叔叔选择了弹幕最多的救场方式 #雷神 #复仇者联盟 #漫威 #充能计划,私藏月色i,其他,,更重要的是灭霸打完响指后直接残了，和他贴在一起的索尔啥事没有,其他,2周前·安徽,3,,,一级评论,user_7352fcf63dc0d6e9,2026-09-11T13:35:48+08:00
https://v.douyin.com/VbdgIrHokHM/ 12/04 :5pm XMJ:/ J@V.Lw,7675895658934586664,为什么说那年你雷神叔叔选择了弹幕最多的救场方式 #雷神 #复仇者联盟 #漫威 #充能计划,私藏月色i,其他,,可惜了，没有信息，当时雷神不知道灭霸集齐六宝石了，不然那一斧子是照着脑门砍下去的,其他,1周前·江西,1,,,一级评论,user_49b03b3ca45dd01b,2026-09-11T13:35:48+08:00
https://v.douyin.com/VbdgIrHokHM/ 12/04 :5pm XMJ:/ J@V.Lw,7675895658934586664,为什么说那年你雷神叔叔选择了弹幕最多的救场方式 #雷神 #复仇者联盟 #漫威 #充能计划,私藏月色i,其他,,那复仇者联盟是索尔，为什么没能杀死他？,其他,3周前·广东,1,,,一级评论,user_93e8da50e794c6af,2026-09-11T13:35:48+08:00
https://v.douyin.com/VbdgIrHokHM/ 12/04 :5pm XMJ:/ J@V.Lw,7675895658934586664,为什么说那年你雷神叔叔选择了弹幕最多的救场方式 #雷神 #复仇者联盟 #漫威 #充能计划,私藏月色i,其他,,这矮人星的人有点眼熟啊，好像在别的宇宙也是一位传奇,其他,3周前·湖南,45,6,,一级评论,user_852e2f5427693159,2026-09-11T13:35:57+08:00
https://v.douyin.com/VbdgIrHokHM/ 12/04 :5pm XMJ:/ J@V.Lw,7675895658934586664,为什么说那年你雷神叔叔选择了弹幕最多的救场方式 #雷神 #复仇者联盟 #漫威 #充能计划,私藏月色i,其他,,雷神和惊奇谁强,其他,2周前·河北,9,14,,一级评论,user_ab1e383dbb0d6105,2026-09-11T13:35:57+08:00
https://v.douyin.com/VbdgIrHokHM/ 12/04 :5pm XMJ:/ J@V.Lw,7675895658934586664,为什么说那年你雷神叔叔选择了弹幕最多的救场方式 #雷神 #复仇者联盟 #漫威 #充能计划,私藏月色i,其他,,复联3雷神救场 还有复联4复仇者联盟集结场景真给我看跳起来了,其他,2周前·浙江,0,,,一级评论,user_7823747674b32ac6,2026-09-11T13:35:57+08:00
https://v.douyin.com/VbdgIrHokHM/ 12/04 :5pm XMJ:/ J@V.Lw,7675895658934586664,为什么说那年你雷神叔叔选择了弹幕最多的救场方式 #雷神 #复仇者联盟 #漫威 #充能计划,私藏月色i,其他,,这个时候雷神能杀灭霸,其他,3天前·内蒙古,0,,,一级评论,user_d633dd2e13e1f0d9,2026-09-11T13:35:57+08:00
https://v.douyin.com/VbdgIrHokHM/ 12/04 :5pm XMJ:/ J@V.Lw,7675895658934586664,为什么说那年你雷神叔叔选择了弹幕最多的救场方式 #雷神 #复仇者联盟 #漫威 #充能计划,私藏月色i,其他,,幻视：灭霸弄死我了你知道过来了,其他,3周前·广东,3,2,,一级评论,user_a71760a34250a631,2026-09-11T13:35:57+08:00
https://v.douyin.com/VbdgIrHokHM/ 12/04 :5pm XMJ:/ J@V.Lw,7675895658934586664,为什么说那年你雷神叔叔选择了弹幕最多的救场方式 #雷神 #复仇者联盟 #漫威 #充能计划,私藏月色i,其他,,海拉跟火焰巨人爆了，你灭霸叔叔美美捡漏,其他,2周前·广东,1,,,一级评论,user_a22c6fa9cc30f801,2026-09-11T13:35:57+08:00
https://v.douyin.com/VbdgIrHokHM/ 12/04 :5pm XMJ:/ J@V.Lw,7675895658934586664,为什么说那年你雷神叔叔选择了弹幕最多的救场方式 #雷神 #复仇者联盟 #漫威 #充能计划,私藏月色i,其他,,杜姆给我滚出来,其他,3周前·四川,1,,,一级评论,user_6a0509469bfeaf14,2026-09-11T13:35:57+08:00
https://v.douyin.com/VbdgIrHokHM/ 12/04 :5pm XMJ:/ J@V.Lw,7675895658934586664,为什么说那年你雷神叔叔选择了弹幕最多的救场方式 #雷神 #复仇者联盟 #漫威 #充能计划,私藏月色i,其他,,妇联4必须要ban一下雷神，没办法，给他用良子顶号了不然灭霸都没宝石的状态，要被雷斧吊着打一个人单刷了。,其他,3周前·广东,2,,,一级评论,user_64dae2e91b3f9ba9,2026-09-11T13:35:57+08:00
https://v.douyin.com/VbdgIrHokHM/ 12/04 :5pm XMJ:/ J@V.Lw,7675895658934586664,为什么说那年你雷神叔叔选择了弹幕最多的救场方式 #雷神 #复仇者联盟 #漫威 #充能计划,私藏月色i,其他,,最强复仇者，最强，最强……索尔，多吃点素，少喝点酒，少喝点……,其他,1周前·湖北,1,,,一级评论,user_55ce58f99ece397e,2026-09-11T13:35:57+08:00
https://v.douyin.com/VbdgIrHokHM/ 12/04 :5pm XMJ:/ J@V.Lw,7675895658934586664,为什么说那年你雷神叔叔选择了弹幕最多的救场方式 #雷神 #复仇者联盟 #漫威 #充能计划,私藏月色i,其他,,从这一部浩克给钢铁侠说的时候就能看出来，斯塔克本来认为随便能解决的东西，博士和浩克小题大做了，听到班纳说索尔死了一下变脸色了,其他,2周前·陕西,2,,,一级评论,user_8561a45d9f227bff,2026-09-11T13:35:57+08:00
https://v.douyin.com/VbdgIrHokHM/ 12/04 :5pm XMJ:/ J@V.Lw,7675895658934586664,为什么说那年你雷神叔叔选择了弹幕最多的救场方式 #雷神 #复仇者联盟 #漫威 #充能计划,私藏月色i,其他,,雷神眼睛是怎么复明的,其他,2周前·浙江,2,5,,一级评论,user_28de6860bce8f722,2026-09-11T13:36:06+08:00
https://v.douyin.com/VbdgIrHokHM/ 12/04 :5pm XMJ:/ J@V.Lw,7675895658934586664,为什么说那年你雷神叔叔选择了弹幕最多的救场方式 #雷神 #复仇者联盟 #漫威 #充能计划,私藏月色i,其他,,为啥灭霸不在奥丁没去世的时候抢夺六大原石呢,其他,1周前·河南,1,,,一级评论,user_972587ca217bfca2,2026-09-11T13:36:06+08:00
https://v.douyin.com/VbdgIrHokHM/ 12/04 :5pm XMJ:/ J@V.Lw,7675895658934586664,为什么说那年你雷神叔叔选择了弹幕最多的救场方式 #雷神 #复仇者联盟 #漫威 #充能计划,私藏月色i,其他,,要是一刀把激素男砍了就好了,其他,2周前·江西,1,1,,一级评论,user_03531520ec8abebb,2026-09-11T13:36:06+08:00
https://v.douyin.com/VbdgIrHokHM/ 12/04 :5pm XMJ:/ J@V.Lw,7675895658934586664,为什么说那年你雷神叔叔选择了弹幕最多的救场方式 #雷神 #复仇者联盟 #漫威 #充能计划,私藏月色i,其他,,灭霸毁了他们飞船，他的人民不是都在飞船上吗？不应该全没了。,其他,3周前·广东,1,1,,一级评论,user_0b585d02a59cc439,2026-09-11T13:36:06+08:00
https://v.douyin.com/VbdgIrHokHM/ 12/04 :5pm XMJ:/ J@V.Lw,7675895658934586664,为什么说那年你雷神叔叔选择了弹幕最多的救场方式 #雷神 #复仇者联盟 #漫威 #充能计划,私藏月色i,其他,,后面摸大番薯头干嘛,其他,2天前·贵州,0,,,一级评论,user_bad5dc987cfc18e1,2026-09-11T13:36:06+08:00
https://v.douyin.com/VbdgIrHokHM/ 12/04 :5pm XMJ:/ J@V.Lw,7675895658934586664,为什么说那年你雷神叔叔选择了弹幕最多的救场方式 #雷神 #复仇者联盟 #漫威 #充能计划,私藏月色i,其他,,没有斧头和锤子，你算哪根葱？,其他,1周前·广东,1,,,一级评论,user_356bb5c6e508d7fe,2026-09-11T13:36:06+08:00
https://v.douyin.com/VbdgIrHokHM/ 12/04 :5pm XMJ:/ J@V.Lw,7675895658934586664,为什么说那年你雷神叔叔选择了弹幕最多的救场方式 #雷神 #复仇者联盟 #漫威 #充能计划,私藏月色i,其他,,弹幕神了，压力钢铁侠和美队就算了，压力雷神的来了,其他,1周前·湖南,0,,,一级评论,user_bb0b3afdd183cc48,2026-09-11T13:36:06+08:00
https://v.douyin.com/VbdgIrHokHM/ 12/04 :5pm XMJ:/ J@V.Lw,7675895658934586664,为什么说那年你雷神叔叔选择了弹幕最多的救场方式 #雷神 #复仇者联盟 #漫威 #充能计划,私藏月色i,其他,,当时八岁的我看到这个雷神配上漫威BGM心里别提有多激动了,其他,2周前·四川,1,,,一级评论,user_5417afb0796e9cef,2026-09-11T13:36:06+08:00
https://v.douyin.com/VbdgIrHokHM/ 12/04 :5pm XMJ:/ J@V.Lw,7675895658934586664,为什么说那年你雷神叔叔选择了弹幕最多的救场方式 #雷神 #复仇者联盟 #漫威 #充能计划,私藏月色i,其他,,打得过带手套的灭霸，被没有手套的灭霸按在地上锤，看看给我索哥削成啥样了,其他,2周前·江苏,1,,,一级评论,user_fb3ee49958f8a5cb,2026-09-11T13:36:07+08:00
https://v.douyin.com/VbdgIrHokHM/ 12/04 :5pm XMJ:/ J@V.Lw,7675895658934586664,为什么说那年你雷神叔叔选择了弹幕最多的救场方式 #雷神 #复仇者联盟 #漫威 #充能计划,私藏月色i,其他,,大声告诉我，索尔是什么？,其他,3周前·四川,19,6,,一级评论,user_c08724304090fd91,2026-09-11T13:36:19+08:00
https://v.douyin.com/VbdgIrHokHM/ 12/04 :5pm XMJ:/ J@V.Lw,7675895658934586664,为什么说那年你雷神叔叔选择了弹幕最多的救场方式 #雷神 #复仇者联盟 #漫威 #充能计划,私藏月色i,其他,,为啥奇异博士打灭霸的时候不利用时间宝石，在多玛姆面前不都用了吗,其他,2周前·安徽,1,1,,一级评论,user_47a04bb42361442f,2026-09-11T13:36:19+08:00
https://v.douyin.com/VbdgIrHokHM/ 12/04 :5pm XMJ:/ J@V.Lw,7675895658934586664,为什么说那年你雷神叔叔选择了弹幕最多的救场方式 #雷神 #复仇者联盟 #漫威 #充能计划,私藏月色i,其他,,为什么索尔不打响指,其他,2周前·天津,2,4,,一级评论,user_8d5f1bb7acddc569,2026-09-11T13:36:19+08:00
https://v.douyin.com/VbdgIrHokHM/ 12/04 :5pm XMJ:/ J@V.Lw,7675895658934586664,为什么说那年你雷神叔叔选择了弹幕最多的救场方式 #雷神 #复仇者联盟 #漫威 #充能计划,私藏月色i,其他,,雷神四的雷神都打不过这个时候的雷神,其他,2周前·江西,4,,,一级评论,user_b3ecdf5da7462a74,2026-09-11T13:36:19+08:00
https://v.douyin.com/VbdgIrHokHM/ 12/04 :5pm XMJ:/ J@V.Lw,7675895658934586664,为什么说那年你雷神叔叔选择了弹幕最多的救场方式 #雷神 #复仇者联盟 #漫威 #充能计划,私藏月色i,其他,,“强者的度量尺”—雷神,其他,1周前·广东,1,,,一级评论,user_75ab75502e61e78e,2026-09-11T13:36:19+08:00
https://v.douyin.com/VbdgIrHokHM/ 12/04 :5pm XMJ:/ J@V.Lw,7675895658934586664,为什么说那年你雷神叔叔选择了弹幕最多的救场方式 #雷神 #复仇者联盟 #漫威 #充能计划,私藏月色i,其他,,其实彩虹桥才是漫威宇宙最厉害的武器,其他,2天前·广东,0,,,一级评论,user_7f78e591f598da00,2026-09-11T13:36:19+08:00
https://v.douyin.com/VbdgIrHokHM/ 12/04 :5pm XMJ:/ J@V.Lw,7675895658934586664,为什么说那年你雷神叔叔选择了弹幕最多的救场方式 #雷神 #复仇者联盟 #漫威 #充能计划,私藏月色i,其他,,那会在电影院雷神的音效是真的好 起地飞天闪电配合着雷声简直不要太爽,其他,2周前·广东,0,,,一级评论,user_b90874c8af00e24f,2026-09-11T13:36:19+08:00
https://v.douyin.com/VbdgIrHokHM/ 12/04 :5pm XMJ:/ J@V.Lw,7675895658934586664,为什么说那年你雷神叔叔选择了弹幕最多的救场方式 #雷神 #复仇者联盟 #漫威 #充能计划,私藏月色i,其他,,说白了就是为了服务剧情，复四就是削弱了雷神，动作和反应都慢了，不然就成雷神个人秀了。你要知道彩虹桥不止能转送啊，那玩意伤害也是离谱,其他,2周前·辽宁,1,,,一级评论,user_68fc7ab6e3dc1ed3,2026-09-11T13:36:19+08:00
https://v.douyin.com/VbdgIrHokHM/ 12/04 :5pm XMJ:/ J@V.Lw,7675895658934586664,为什么说那年你雷神叔叔选择了弹幕最多的救场方式 #雷神 #复仇者联盟 #漫威 #充能计划,私藏月色i,其他,,雷神这人最精了，说一句众神赐予我力量就开拉闸也不管赐没赐力量,其他,2周前·四川,1,,,一级评论,user_0dba1278158ae3ac,2026-09-11T13:36:19+08:00
https://v.douyin.com/VbdgIrHokHM/ 12/04 :5pm XMJ:/ J@V.Lw,7675895658934586664,为什么说那年你雷神叔叔选择了弹幕最多的救场方式 #雷神 #复仇者联盟 #漫威 #充能计划,私藏月色i,其他,,@这逼人生 每个漫威电影都用这个bgm我服了,其他,2周前·广西,0,1,,一级评论,user_dd66b5df0e779b96,2026-09-11T13:36:19+08:00
https://v.douyin.com/VbdgIrHokHM/ 12/04 :5pm XMJ:/ J@V.Lw,7675895658934586664,为什么说那年你雷神叔叔选择了弹幕最多的救场方式 #雷神 #复仇者联盟 #漫威 #充能计划,私藏月色i,其他,,这个时候的雷神打得过海拉吗？,其他,1周前·江西,0,4,,一级评论,user_9d2af6e9eee27a15,2026-09-11T13:36:29+08:00
https://v.douyin.com/VbdgIrHokHM/ 12/04 :5pm XMJ:/ J@V.Lw,7675895658934586664,为什么说那年你雷神叔叔选择了弹幕最多的救场方式 #雷神 #复仇者联盟 #漫威 #充能计划,私藏月色i,其他,,比打姐姐的时候狠,其他,2天前·天津,1,1,,一级评论,user_0bf07cbca4187667,2026-09-11T13:36:29+08:00
https://v.douyin.com/VbdgIrHokHM/ 12/04 :5pm XMJ:/ J@V.Lw,7675895658934586664,为什么说那年你雷神叔叔选择了弹幕最多的救场方式 #雷神 #复仇者联盟 #漫威 #充能计划,私藏月色i,其他,,为什么雷神会直接传送到瓦坎达呢,其他,2周前·浙江,2,6,,一级评论,user_cb51c41ab6f57a7d,2026-09-11T13:36:29+08:00
https://v.douyin.com/VbdgIrHokHM/ 12/04 :5pm XMJ:/ J@V.Lw,7675895658934586664,为什么说那年你雷神叔叔选择了弹幕最多的救场方式 #雷神 #复仇者联盟 #漫威 #充能计划,私藏月色i,其他,,雷神和超人是一个等级吗,其他,2周前·河北,0,3,,一级评论,user_71712c3c8da41933,2026-09-11T13:36:29+08:00
https://v.douyin.com/VbdgIrHokHM/ 12/04 :5pm XMJ:/ J@V.Lw,7675895658934586664,为什么说那年你雷神叔叔选择了弹幕最多的救场方式 #雷神 #复仇者联盟 #漫威 #充能计划,私藏月色i,其他,,现在还有人觉得铁线虫能打过雷神的，还觉得雷神是个充电宝,其他,2周前·四川,6,3,,一级评论,user_c38a5fcd7eb720a8,2026-09-11T13:36:29+08:00
https://v.douyin.com/VbdgIrHokHM/ 12/04 :5pm XMJ:/ J@V.Lw,7675895658934586664,为什么说那年你雷神叔叔选择了弹幕最多的救场方式 #雷神 #复仇者联盟 #漫威 #充能计划,私藏月色i,其他,,寸头雷神太帅了，可惜后面留长了,其他,2天前·河南,0,,,一级评论,user_132cba8c2e179e07,2026-09-11T13:36:29+08:00
https://v.douyin.com/VbdgIrHokHM/ 12/04 :5pm XMJ:/ J@V.Lw,7675895658934586664,为什么说那年你雷神叔叔选择了弹幕最多的救场方式 #雷神 #复仇者联盟 #漫威 #充能计划,私藏月色i,其他,,造暴风战斧那一幕“我从地狱归来，希望你也是”,其他,2周前·江西,1,,,一级评论,user_21fa57bdac02be6f,2026-09-11T13:36:29+08:00
https://v.douyin.com/VbdgIrHokHM/ 12/04 :5pm XMJ:/ J@V.Lw,7675895658934586664,为什么说那年你雷神叔叔选择了弹幕最多的救场方式 #雷神 #复仇者联盟 #漫威 #充能计划,私藏月色i,其他,,索尔最后应该砍手的，这样才真是让灭霸功亏一篑最诛心的办法,其他,1周前·山东,0,,,一级评论,user_00aa30a04595b606,2026-09-11T13:36:29+08:00
https://v.douyin.com/VbdgIrHokHM/ 12/04 :5pm XMJ:/ J@V.Lw,7675895658934586664,为什么说那年你雷神叔叔选择了弹幕最多的救场方式 #雷神 #复仇者联盟 #漫威 #充能计划,私藏月色i,其他,,拿斧子劈向灭霸的时候像神一样,其他,1周前·广西,2,,,一级评论,user_773dd7c20d7c6799,2026-09-11T13:36:29+08:00
https://v.douyin.com/VbdgIrHokHM/ 12/04 :5pm XMJ:/ J@V.Lw,7675895658934586664,为什么说那年你雷神叔叔选择了弹幕最多的救场方式 #雷神 #复仇者联盟 #漫威 #充能计划,私藏月色i,其他,,可惜复联四雷神变成啤酒罐子了，差点被灭霸用着自己的武器单杀，不知道复联五雷神会不会再回巅峰,其他,2周前·陕西,2,,,一级评论,user_9ab00df72470a0be,2026-09-11T13:36:29+08:00
https://v.douyin.com/VbdgIrHokHM/ 12/04 :5pm XMJ:/ J@V.Lw,7675895658934586664,为什么说那年你雷神叔叔选择了弹幕最多的救场方式 #雷神 #复仇者联盟 #漫威 #充能计划,私藏月色i,其他,,雷神这身体打响指应该没问题吧,其他,1周前·河北,0,,,一级评论,user_468cd46f1736fc47,2026-09-11T13:36:41+08:00
https://v.douyin.com/VbdgIrHokHM/ 12/04 :5pm XMJ:/ J@V.Lw,7675895658934586664,为什么说那年你雷神叔叔选择了弹幕最多的救场方式 #雷神 #复仇者联盟 #漫威 #充能计划,私藏月色i,其他,,看到雷神的灭霸：,其他,3周前·广东,2,,,一级评论,user_d1e6914985d5e9c1,2026-09-11T13:36:41+08:00
https://v.douyin.com/VbdgIrHokHM/ 12/04 :5pm XMJ:/ J@V.Lw,7675895658934586664,为什么说那年你雷神叔叔选择了弹幕最多的救场方式 #雷神 #复仇者联盟 #漫威 #充能计划,私藏月色i,其他,,这个时期的雷神应该能抗住6颗宝石的辐射打响指，毕竟连恒星的力量都抗住了,其他,1周前·河南,0,,,一级评论,user_d7e4926299f42d5f,2026-09-11T13:36:41+08:00
https://v.douyin.com/VbdgIrHokHM/ 12/04 :5pm XMJ:/ J@V.Lw,7675895658934586664,为什么说那年你雷神叔叔选择了弹幕最多的救场方式 #雷神 #复仇者联盟 #漫威 #充能计划,私藏月色i,其他,,洛基已死是非对错我已无心解释，以雷霆击碎黑暗,其他,2周前·陕西,1,,,一级评论,user_b06342fe8b4eccfb,2026-09-11T13:36:41+08:00
https://v.douyin.com/VbdgIrHokHM/ 12/04 :5pm XMJ:/ J@V.Lw,7675895658934586664,为什么说那年你雷神叔叔选择了弹幕最多的救场方式 #雷神 #复仇者联盟 #漫威 #充能计划,私藏月色i,其他,,索尔刚装上假眼准头不行，要不一斧子把复联四劈没了,其他,2周前·山东,3,,,一级评论,user_5b6b4fce244dec26,2026-09-11T13:36:41+08:00
https://v.douyin.com/VbdgIrHokHM/ 12/04 :5pm XMJ:/ J@V.Lw,7675895658934586664,为什么说那年你雷神叔叔选择了弹幕最多的救场方式 #雷神 #复仇者联盟 #漫威 #充能计划,私藏月色i,其他,,全漫威也没几个能像雷神这样能抗恒球的,其他,2周前·山西,1,,,一级评论,,2026-09-11T13:36:41+08:00
https://v.douyin.com/VbdgIrHokHM/ 12/04 :5pm XMJ:/ J@V.Lw,7675895658934586664,为什么说那年你雷神叔叔选择了弹幕最多的救场方式 #雷神 #复仇者联盟 #漫威 #充能计划,私藏月色i,其他,,这时候真的单手锤圣,其他,6天前·山东,0,,,一级评论,user_b0f7af938edb7323,2026-09-11T13:36:41+08:00
https://v.douyin.com/VbdgIrHokHM/ 12/04 :5pm XMJ:/ J@V.Lw,7675895658934586664,为什么说那年你雷神叔叔选择了弹幕最多的救场方式 #雷神 #复仇者联盟 #漫威 #充能计划,私藏月色i,其他,,复联三也就靠偷袭，不然一样被灭霸暴揍,其他,3天前·广东,0,,,一级评论,user_012af707628bc656,2026-09-11T13:36:41+08:00
https://v.douyin.com/VbdgIrHokHM/ 12/04 :5pm XMJ:/ J@V.Lw,7675895658934586664,为什么说那年你雷神叔叔选择了弹幕最多的救场方式 #雷神 #复仇者联盟 #漫威 #充能计划,私藏月色i,其他,,灭霸光环，本来杯劈死的料。作弊耍赖作者救,其他,2天前·广东,0,,,一级评论,user_eacdd87567930487,2026-09-11T13:36:41+08:00
https://v.douyin.com/VbdgIrHokHM/ 12/04 :5pm XMJ:/ J@V.Lw,7675895658934586664,为什么说那年你雷神叔叔选择了弹幕最多的救场方式 #雷神 #复仇者联盟 #漫威 #充能计划,私藏月色i,其他,,假如奥创没有失控的话，没准可以看到钢铁军团VS灭霸军队那多刺激啊,其他,2周前·广西,2,,,一级评论,user_506da2e5d66deef3,2026-09-11T13:36:41+08:00
https://v.douyin.com/VbdgIrHokHM/ 12/04 :5pm XMJ:/ J@V.Lw,7675895658934586664,为什么说那年你雷神叔叔选择了弹幕最多的救场方式 #雷神 #复仇者联盟 #漫威 #充能计划,私藏月色i,其他,,其实我一直有个问题，灭霸给雷神飞船炸了雷神被银护救了，那剩下的一半阿斯加德子民去哪了,其他,5天前·云南,3,1,,一级评论,user_24d64786259037c2,2026-09-11T13:36:54+08:00
https://v.douyin.com/VbdgIrHokHM/ 12/04 :5pm XMJ:/ J@V.Lw,7675895658934586664,为什么说那年你雷神叔叔选择了弹幕最多的救场方式 #雷神 #复仇者联盟 #漫威 #充能计划,私藏月色i,其他,,眼睛怎么好了？不是被海拉弄瞎一只,其他,2周前·巴西,1,2,,一级评论,,2026-09-11T13:36:54+08:00
https://v.douyin.com/VbdgIrHokHM/ 12/04 :5pm XMJ:/ J@V.Lw,7675895658934586664,为什么说那年你雷神叔叔选择了弹幕最多的救场方式 #雷神 #复仇者联盟 #漫威 #充能计划,私藏月色i,其他,,我在想复联四为什么他不选择想爹神力？,其他,1天前·黑龙江,1,1,,一级评论,user_0a7a3f8011716b51,2026-09-11T13:36:54+08:00
https://v.douyin.com/VbdgIrHokHM/ 12/04 :5pm XMJ:/ J@V.Lw,7675895658934586664,为什么说那年你雷神叔叔选择了弹幕最多的救场方式 #雷神 #复仇者联盟 #漫威 #充能计划,私藏月色i,其他,,这时候雷神出场确实帅 后面喝成啤酒肚了,其他,2周前·四川,2,,,一级评论,user_c90eba6c77ec6869,2026-09-11T13:36:54+08:00
https://v.douyin.com/VbdgIrHokHM/ 12/04 :5pm XMJ:/ J@V.Lw,7675895658934586664,为什么说那年你雷神叔叔选择了弹幕最多的救场方式 #雷神 #复仇者联盟 #漫威 #充能计划,私藏月色i,其他,,雷神：谁卡这么多兵线，不会玩就六分投了,其他,3周前·江苏,4,,,一级评论,user_fcb8164f294b555a,2026-09-11T13:36:54+08:00
https://v.douyin.com/VbdgIrHokHM/ 12/04 :5pm XMJ:/ J@V.Lw,7675895658934586664,为什么说那年你雷神叔叔选择了弹幕最多的救场方式 #雷神 #复仇者联盟 #漫威 #充能计划,私藏月色i,其他,,复仇者里面的每个镜头都能当壁纸,其他,1周前·浙江,0,,,一级评论,user_81af61ed313c8f57,2026-09-11T13:36:54+08:00
https://v.douyin.com/VbdgIrHokHM/ 12/04 :5pm XMJ:/ J@V.Lw,7675895658934586664,为什么说那年你雷神叔叔选择了弹幕最多的救场方式 #雷神 #复仇者联盟 #漫威 #充能计划,私藏月色i,其他,,现在终于明白为什么当时雷神后面和其他人找到退隐的灭霸时没忍住直接一刀砍死了,其他,2周前·贵州,0,,,一级评论,user_ff14d0626418169e,2026-09-11T13:36:54+08:00
https://v.douyin.com/VbdgIrHokHM/ 12/04 :5pm XMJ:/ J@V.Lw,7675895658934586664,为什么说那年你雷神叔叔选择了弹幕最多的救场方式 #雷神 #复仇者联盟 #漫威 #充能计划,私藏月色i,其他,,不如唐三他爸救场,其他,1周前·广东,0,,,一级评论,user_02d6a1f27b61b550,2026-09-11T13:36:54+08:00
https://v.douyin.com/VbdgIrHokHM/ 12/04 :5pm XMJ:/ J@V.Lw,7675895658934586664,为什么说那年你雷神叔叔选择了弹幕最多的救场方式 #雷神 #复仇者联盟 #漫威 #充能计划,私藏月色i,其他,,现实中的中子星体积小质量大，自转速极高，蓄能巨大，所以你看漫威的改编即离谱又合理,其他,2周前·安徽,1,,,一级评论,user_9eb795e74ec05d73,2026-09-11T13:36:54+08:00
https://v.douyin.com/VbdgIrHokHM/ 12/04 :5pm XMJ:/ J@V.Lw,7675895658934586664,为什么说那年你雷神叔叔选择了弹幕最多的救场方式 #雷神 #复仇者联盟 #漫威 #充能计划,私藏月色i,其他,,那个时候我看到这里，真以为要赢了,其他,2周前·河南,2,,,一级评论,user_2d080425fc7be0f6,2026-09-11T13:36:54+08:00
https://v.douyin.com/VbdgIrHokHM/ 12/04 :5pm XMJ:/ J@V.Lw,7675895658934586664,为什么说那年你雷神叔叔选择了弹幕最多的救场方式 #雷神 #复仇者联盟 #漫威 #充能计划,私藏月色i,其他,,这个时候的雷神厉害还是惊队厉害,其他,2周前·广西,4,6,,一级评论,user_f4e1c12f3af29ce9,2026-09-11T13:37:05+08:00
https://v.douyin.com/VbdgIrHokHM/ 12/04 :5pm XMJ:/ J@V.Lw,7675895658934586664,为什么说那年你雷神叔叔选择了弹幕最多的救场方式 #雷神 #复仇者联盟 #漫威 #充能计划,私藏月色i,其他,,这个不会就是雷神3接着的故事吧，浩克和雷神在一起,其他,2周前·江苏,1,1,,一级评论,,2026-09-11T13:37:06+08:00
https://v.douyin.com/VbdgIrHokHM/ 12/04 :5pm XMJ:/ J@V.Lw,7675895658934586664,为什么说那年你雷神叔叔选择了弹幕最多的救场方式 #雷神 #复仇者联盟 #漫威 #充能计划,私藏月色i,其他,,那正常来造是咋造暴风战斧的？不会只能这个办法造吧,其他,2周前·广东,1,1,,一级评论,user_7062aa3a5bf97a90,2026-09-11T13:37:06+08:00
https://v.douyin.com/VbdgIrHokHM/ 12/04 :5pm XMJ:/ J@V.Lw,7675895658934586664,为什么说那年你雷神叔叔选择了弹幕最多的救场方式 #雷神 #复仇者联盟 #漫威 #充能计划,私藏月色i,其他,,雷神的锤子到底是什么量级的武器？硬扛五颗宝石,其他,2周前·广东,8,2,,一级评论,user_739d9ce6eda1d3dc,2026-09-11T13:37:06+08:00
https://v.douyin.com/VbdgIrHokHM/ 12/04 :5pm XMJ:/ J@V.Lw,7675895658934586664,为什么说那年你雷神叔叔选择了弹幕最多的救场方式 #雷神 #复仇者联盟 #漫威 #充能计划,私藏月色i,其他,,妇联3就打了灭霸的几个手下,其他,2周前·广东,1,,,一级评论,user_331f1c03ab597f2f,2026-09-11T13:37:06+08:00
https://v.douyin.com/VbdgIrHokHM/ 12/04 :5pm XMJ:/ J@V.Lw,7675895658934586664,为什么说那年你雷神叔叔选择了弹幕最多的救场方式 #雷神 #复仇者联盟 #漫威 #充能计划,私藏月色i,其他,,可惜了第四部要是还是这个状态钢铁侠估计就不用打响指了,其他,2周前·天津,1,,,一级评论,user_0a4ef177805094c0,2026-09-11T13:37:06+08:00
https://v.douyin.com/VbdgIrHokHM/ 12/04 :5pm XMJ:/ J@V.Lw,7675895658934586664,为什么说那年你雷神叔叔选择了弹幕最多的救场方式 #雷神 #复仇者联盟 #漫威 #充能计划,私藏月色i,其他,,把激素小子和绿色懦夫给顺手救了,其他,2周前·浙江,1,,,一级评论,user_45e7a1139a0be036,2026-09-11T13:37:06+08:00
https://v.douyin.com/VbdgIrHokHM/ 12/04 :5pm XMJ:/ J@V.Lw,7675895658934586664,为什么说那年你雷神叔叔选择了弹幕最多的救场方式 #雷神 #复仇者联盟 #漫威 #充能计划,私藏月色i,其他,,暴风斧头真的夯，六宝石手套都能顶回去,其他,3周前·广东,2,,,一级评论,user_71d20784ea6bda00,2026-09-11T13:37:06+08:00
https://v.douyin.com/VbdgIrHokHM/ 12/04 :5pm XMJ:/ J@V.Lw,7675895658934586664,为什么说那年你雷神叔叔选择了弹幕最多的救场方式 #雷神 #复仇者联盟 #漫威 #充能计划,私藏月色i,其他,,在这之前他可是硬扛了中子星的,其他,3周前·上海,3,,,一级评论,user_adbf235c01fb7cf1,2026-09-11T13:37:06+08:00
https://v.douyin.com/VbdgIrHokHM/ 12/04 :5pm XMJ:/ J@V.Lw,7675895658934586664,为什么说那年你雷神叔叔选择了弹幕最多的救场方式 #雷神 #复仇者联盟 #漫威 #充能计划,私藏月色i,其他,,版本太过强势导致新版大削,其他,2周前·广东,2,,,一级评论,user_1b94ca082814deb1,2026-09-11T13:37:06+08:00
https://v.douyin.com/VbdgIrHokHM/ 12/04 :5pm XMJ:/ J@V.Lw,7675895658934586664,为什么说那年你雷神叔叔选择了弹幕最多的救场方式 #雷神 #复仇者联盟 #漫威 #充能计划,私藏月色i,其他,,所以复联四强行削弱雷神。,其他,2周前·山东,8,1,,一级评论,user_431122fad205014e,2026-09-11T13:37:21+08:00
https://v.douyin.com/VbdgIrHokHM/ 12/04 :5pm XMJ:/ J@V.Lw,7675895658934586664,为什么说那年你雷神叔叔选择了弹幕最多的救场方式 #雷神 #复仇者联盟 #漫威 #充能计划,私藏月色i,其他,,这状态雷神能单刷下一部的大刀灭霸吗,其他,2天前·河南,1,3,,一级评论,user_217a4ec1a4e58246,2026-09-11T13:37:21+08:00
https://v.douyin.com/VbdgIrHokHM/ 12/04 :5pm XMJ:/ J@V.Lw,7675895658934586664,为什么说那年你雷神叔叔选择了弹幕最多的救场方式 #雷神 #复仇者联盟 #漫威 #充能计划,私藏月色i,其他,,我有个问题，为什么彩虹桥不能定位在快饿死的托尼，反而需要惊队托回来,其他,3周前·北京,13,4,,一级评论,user_8444e2ad5410f7f2,2026-09-11T13:37:21+08:00
https://v.douyin.com/VbdgIrHokHM/ 12/04 :5pm XMJ:/ J@V.Lw,7675895658934586664,为什么说那年你雷神叔叔选择了弹幕最多的救场方式 #雷神 #复仇者联盟 #漫威 #充能计划,私藏月色i,其他,,你雷神叔叔可是最强复仇者,其他,2周前·四川,3,,,一级评论,user_5a8a82c543414e68,2026-09-11T13:37:21+08:00
https://v.douyin.com/VbdgIrHokHM/ 12/04 :5pm XMJ:/ J@V.Lw,7675895658934586664,为什么说那年你雷神叔叔选择了弹幕最多的救场方式 #雷神 #复仇者联盟 #漫威 #充能计划,私藏月色i,其他,,没宝石的话灭霸能过博士吗,其他,1周前·陕西,2,3,,一级评论,user_04d826ff7e12f10f,2026-09-11T13:37:21+08:00
https://v.douyin.com/VbdgIrHokHM/ 12/04 :5pm XMJ:/ J@V.Lw,7675895658934586664,为什么说那年你雷神叔叔选择了弹幕最多的救场方式 #雷神 #复仇者联盟 #漫威 #充能计划,私藏月色i,其他,,大声 告诉我雷神他是什么!!!,其他,2周前·河南,2,,,一级评论,user_0a99824f5080ff8d,2026-09-11T13:37:21+08:00
https://v.douyin.com/VbdgIrHokHM/ 12/04 :5pm XMJ:/ J@V.Lw,7675895658934586664,为什么说那年你雷神叔叔选择了弹幕最多的救场方式 #雷神 #复仇者联盟 #漫威 #充能计划,私藏月色i,其他,,有危险就进入想爹模式,其他,3天前·四川,1,,,一级评论,user_7acff2e931fd743c,2026-09-11T13:37:21+08:00
https://v.douyin.com/VbdgIrHokHM/ 12/04 :5pm XMJ:/ J@V.Lw,7675895658934586664,为什么说那年你雷神叔叔选择了弹幕最多的救场方式 #雷神 #复仇者联盟 #漫威 #充能计划,私藏月色i,其他,,我怎么觉得灭霸是被6颗宝石反噬最脆弱的时候像绿巨人一样，然后才被劈中,其他,3周前·广东,1,1,,一级评论,user_5c179c135c2148bb,2026-09-11T13:37:21+08:00
https://v.douyin.com/VbdgIrHokHM/ 12/04 :5pm XMJ:/ J@V.Lw,7675895658934586664,为什么说那年你雷神叔叔选择了弹幕最多的救场方式 #雷神 #复仇者联盟 #漫威 #充能计划,私藏月色i,其他,,第三部美队是真没啥画面,其他,2周前·天津,1,1,,一级评论,user_7fa11246137ae453,2026-09-11T13:37:21+08:00
https://v.douyin.com/VbdgIrHokHM/ 12/04 :5pm XMJ:/ J@V.Lw,7675895658934586664,为什么说那年你雷神叔叔选择了弹幕最多的救场方式 #雷神 #复仇者联盟 #漫威 #充能计划,私藏月色i,其他,,那年热评：打野终于出电刀了,其他,3周前·内蒙古,1,,,一级评论,user_653365824e2524b3,2026-09-11T13:37:21+08:00
https://v.douyin.com/VbdgIrHokHM/ 12/04 :5pm XMJ:/ J@V.Lw,7675895658934586664,为什么说那年你雷神叔叔选择了弹幕最多的救场方式 #雷神 #复仇者联盟 #漫威 #充能计划,私藏月色i,其他,,雷神可是真神,其他,3周前·山东,1,,,一级评论,user_1eda6558dca52707,2026-09-11T13:37:34+08:00
https://v.douyin.com/VbdgIrHokHM/ 12/04 :5pm XMJ:/ J@V.Lw,7675895658934586664,为什么说那年你雷神叔叔选择了弹幕最多的救场方式 #雷神 #复仇者联盟 #漫威 #充能计划,私藏月色i,其他,,可怕的是这只是雷神的中年,其他,1周前·广东,0,,,一级评论,user_435330f800ad81f2,2026-09-11T13:37:34+08:00
https://v.douyin.com/VbdgIrHokHM/ 12/04 :5pm XMJ:/ J@V.Lw,7675895658934586664,为什么说那年你雷神叔叔选择了弹幕最多的救场方式 #雷神 #复仇者联盟 #漫威 #充能计划,私藏月色i,其他,,为啥说阿斯加德的一半子民？那个船不都炸了吗？全死了吧？,其他,2周前·新疆,1,6,,一级评论,user_2272992e89561573,2026-09-11T13:37:34+08:00
https://v.douyin.com/VbdgIrHokHM/ 12/04 :5pm XMJ:/ J@V.Lw,7675895658934586664,为什么说那年你雷神叔叔选择了弹幕最多的救场方式 #雷神 #复仇者联盟 #漫威 #充能计划,私藏月色i,其他,,看到考研人数考公人数，人口减半还是少了一点,其他,3周前·安徽,2,,,一级评论,user_8cc4b98f37647370,2026-09-11T13:37:34+08:00
https://v.douyin.com/VbdgIrHokHM/ 12/04 :5pm XMJ:/ J@V.Lw,7675895658934586664,为什么说那年你雷神叔叔选择了弹幕最多的救场方式 #雷神 #复仇者联盟 #漫威 #充能计划,私藏月色i,其他,,什么含金量？不多说了，当时我5年级，20年玩的快手,其他,3周前·江西,1,,,一级评论,user_f8ce7e68f90c9777,2026-09-11T13:37:34+08:00
https://v.douyin.com/VbdgIrHokHM/ 12/04 :5pm XMJ:/ J@V.Lw,7675895658934586664,为什么说那年你雷神叔叔选择了弹幕最多的救场方式 #雷神 #复仇者联盟 #漫威 #充能计划,私藏月色i,其他,,索尔复联四没吃成良子都不用铁人和美队了,其他,2周前·广东,1,,,一级评论,user_418a44998029b434,2026-09-11T13:37:34+08:00
https://v.douyin.com/VbdgIrHokHM/ 12/04 :5pm XMJ:/ J@V.Lw,7675895658934586664,为什么说那年你雷神叔叔选择了弹幕最多的救场方式 #雷神 #复仇者联盟 #漫威 #充能计划,私藏月色i,其他,,其实在那时候的时间线，矮人星在被灭霸大军屠杀的时候，阿斯加德是可以过来帮忙的，纯纯就是没把它放进眼里,其他,19小时前·福建,0,,,一级评论,user_990a31c1db107c00,2026-09-11T13:37:34+08:00
https://v.douyin.com/VbdgIrHokHM/ 12/04 :5pm XMJ:/ J@V.Lw,7675895658934586664,为什么说那年你雷神叔叔选择了弹幕最多的救场方式 #雷神 #复仇者联盟 #漫威 #充能计划,私藏月色i,其他,,你雷神叔叔一入场就开大清小兵，真打起来的时候，技能全在CD,其他,3天前·内蒙古,1,,,一级评论,user_0b39ed12edafdf6f,2026-09-11T13:37:34+08:00
https://v.douyin.com/VbdgIrHokHM/ 12/04 :5pm XMJ:/ J@V.Lw,7675895658934586664,为什么说那年你雷神叔叔选择了弹幕最多的救场方式 #雷神 #复仇者联盟 #漫威 #充能计划,私藏月色i,其他,,败方MVP,其他,4天前·云南,0,,,一级评论,user_71da062183a8808d,2026-09-11T13:37:34+08:00
https://v.douyin.com/VbdgIrHokHM/ 12/04 :5pm XMJ:/ J@V.Lw,7675895658934586664,为什么说那年你雷神叔叔选择了弹幕最多的救场方式 #雷神 #复仇者联盟 #漫威 #充能计划,私藏月色i,其他,,雷神怎么知道直接传瓦坎达,其他,3周前·重庆,7,4,,一级评论,user_f18e2ac6abd16686,2026-09-11T13:37:50+08:00
https://v.douyin.com/VbdgIrHokHM/ 12/04 :5pm XMJ:/ J@V.Lw,7675895658934586664,为什么说那年你雷神叔叔选择了弹幕最多的救场方式 #雷神 #复仇者联盟 #漫威 #充能计划,私藏月色i,其他,,这是巅峰时期的雷神再也超越不了,其他,2周前·河北,2,,,一级评论,user_145875f2f1753ec7,2026-09-11T13:37:50+08:00
https://v.douyin.com/VbdgIrHokHM/ 12/04 :5pm XMJ:/ J@V.Lw,7675895658934586664,为什么说那年你雷神叔叔选择了弹幕最多的救场方式 #雷神 #复仇者联盟 #漫威 #充能计划,私藏月色i,其他,,之前看过一个战力评估，这个时候的雷神可以和没有宝石的灭霸55开,其他,2周前·河南,1,,,一级评论,user_57f264b7e31e61c0,2026-09-11T13:37:50+08:00
https://v.douyin.com/VbdgIrHokHM/ 12/04 :5pm XMJ:/ J@V.Lw,7675895658934586664,为什么说那年你雷神叔叔选择了弹幕最多的救场方式 #雷神 #复仇者联盟 #漫威 #充能计划,私藏月色i,其他,,这时候给我看爽了，以为灭霸要被终结了,其他,2周前·河南,1,,,一级评论,user_3d60c5c3051a615d,2026-09-11T13:37:50+08:00
https://v.douyin.com/VbdgIrHokHM/ 12/04 :5pm XMJ:/ J@V.Lw,7675895658934586664,为什么说那年你雷神叔叔选择了弹幕最多的救场方式 #雷神 #复仇者联盟 #漫威 #充能计划,私藏月色i,其他,,复联三MVP,其他,2周前·广东,0,,,一级评论,user_ef026392b607a766,2026-09-11T13:37:50+08:00
https://v.douyin.com/VbdgIrHokHM/ 12/04 :5pm XMJ:/ J@V.Lw,7675895658934586664,为什么说那年你雷神叔叔选择了弹幕最多的救场方式 #雷神 #复仇者联盟 #漫威 #充能计划,私藏月色i,其他,,就不能是冬兵和美队去找灵魂宝石吗，让美队打响指，他俩不是兄弟情深么，永远在一起呗，把娜塔莎和史塔克还给我们,其他,2周前·北京,0,1,,一级评论,user_66d7350c7a1912a3,2026-09-11T13:37:51+08:00
https://v.douyin.com/VbdgIrHokHM/ 12/04 :5pm XMJ:/ J@V.Lw,7675895658934586664,为什么说那年你雷神叔叔选择了弹幕最多的救场方式 #雷神 #复仇者联盟 #漫威 #充能计划,私藏月色i,其他,,然而复联四也选择了弹幕最多的三巨头灭霸打法———全程挨揍,其他,1周前·上海,0,,,一级评论,user_d84590799561cec9,2026-09-11T13:37:51+08:00
https://v.douyin.com/VbdgIrHokHM/ 12/04 :5pm XMJ:/ J@V.Lw,7675895658934586664,为什么说那年你雷神叔叔选择了弹幕最多的救场方式 #雷神 #复仇者联盟 #漫威 #充能计划,私藏月色i,其他,,爷们儿,其他,1小时前·安徽,0,,,一级评论,user_b9cc14c63be888f2,2026-09-11T13:37:51+08:00
https://v.douyin.com/VbdgIrHokHM/ 12/04 :5pm XMJ:/ J@V.Lw,7675895658934586664,为什么说那年你雷神叔叔选择了弹幕最多的救场方式 #雷神 #复仇者联盟 #漫威 #充能计划,私藏月色i,其他,,班纳浩克,其他,1周前·广东,0,,,一级评论,user_80312bdc61d362b4,2026-09-11T13:37:51+08:00
https://v.douyin.com/VbdgIrHokHM/ 12/04 :5pm XMJ:/ J@V.Lw,7675895658934586664,为什么说那年你雷神叔叔选择了弹幕最多的救场方式 #雷神 #复仇者联盟 #漫威 #充能计划,私藏月色i,其他,,可是没办法呀复联4官方强方强行削弱。良子怎么压制暴打灭霸呀？,其他,2周前·陕西,2,,,一级评论,user_df1383732460abbc,2026-09-11T13:37:51+08:00
https://v.douyin.com/VbdgIrHokHM/ 12/04 :5pm XMJ:/ J@V.Lw,7675895658934586664,为什么说那年你雷神叔叔选择了弹幕最多的救场方式 #雷神 #复仇者联盟 #漫威 #充能计划,私藏月色i,其他,,老爷DJ不如原声震撼,其他,3周前·内蒙古,1,,,一级评论,,2026-09-11T13:38:03+08:00
https://v.douyin.com/VbdgIrHokHM/ 12/04 :5pm XMJ:/ J@V.Lw,7675895658934586664,为什么说那年你雷神叔叔选择了弹幕最多的救场方式 #雷神 #复仇者联盟 #漫威 #充能计划,私藏月色i,其他,,雷神和浩克一样，越愤怒战力越高,其他,3周前·湖北,2,,,一级评论,user_1511b92f4ac44a1c,2026-09-11T13:38:04+08:00
https://v.douyin.com/VbdgIrHokHM/ 12/04 :5pm XMJ:/ J@V.Lw,7675895658934586664,为什么说那年你雷神叔叔选择了弹幕最多的救场方式 #雷神 #复仇者联盟 #漫威 #充能计划,私藏月色i,其他,,你敢想，瓦坎达拥有最顶尖的科技，竟然打架靠近战,其他,2周前·山西,0,,,一级评论,user_e24b41a289633899,2026-09-11T13:38:04+08:00
https://v.douyin.com/VbdgIrHokHM/ 12/04 :5pm XMJ:/ J@V.Lw,7675895658934586664,为什么说那年你雷神叔叔选择了弹幕最多的救场方式 #雷神 #复仇者联盟 #漫威 #充能计划,私藏月色i,其他,,既然有的星球已经被屠了那么再打一个响指不就又少一半吗？,其他,3周前·辽宁,9,1,,一级评论,user_e3a566df12dbb8a1,2026-09-11T13:38:04+08:00
https://v.douyin.com/VbdgIrHokHM/ 12/04 :5pm XMJ:/ J@V.Lw,7675895658934586664,为什么说那年你雷神叔叔选择了弹幕最多的救场方式 #雷神 #复仇者联盟 #漫威 #充能计划,私藏月色i,其他,,败方mvp,其他,3周前·四川,3,,,一级评论,user_41d7404131939635,2026-09-11T13:38:04+08:00
https://v.douyin.com/VbdgIrHokHM/ 12/04 :5pm XMJ:/ J@V.Lw,7675895658934586664,为什么说那年你雷神叔叔选择了弹幕最多的救场方式 #雷神 #复仇者联盟 #漫威 #充能计划,私藏月色i,其他,,这么说吧，雷神砍灭霸那一斧头，感觉复联可以改名叫雷神了,其他,2周前·广东,0,,,一级评论,user_24ca98843661a225,2026-09-11T13:38:04+08:00
https://v.douyin.com/VbdgIrHokHM/ 12/04 :5pm XMJ:/ J@V.Lw,7675895658934586664,为什么说那年你雷神叔叔选择了弹幕最多的救场方式 #雷神 #复仇者联盟 #漫威 #充能计划,私藏月色i,其他,,要是不吃成大胃袋，复联四锤斧双持能给灭霸秒了吗？,其他,3周前·山西,2,,,一级评论,user_63bf35e9e85f9ac8,2026-09-11T13:38:04+08:00
https://v.douyin.com/VbdgIrHokHM/ 12/04 :5pm XMJ:/ J@V.Lw,7675895658934586664,为什么说那年你雷神叔叔选择了弹幕最多的救场方式 #雷神 #复仇者联盟 #漫威 #充能计划,私藏月色i,其他,,燃的我起了一身鸡皮疙瘩,其他,3周前·安徽,1,,,一级评论,user_20bb884aaf6dbb95,2026-09-11T13:38:04+08:00
https://v.douyin.com/VbdgIrHokHM/ 12/04 :5pm XMJ:/ J@V.Lw,7675895658934586664,为什么说那年你雷神叔叔选择了弹幕最多的救场方式 #雷神 #复仇者联盟 #漫威 #充能计划,私藏月色i,其他,,漫威宇宙穷人靠变异，富人靠科技，而你索尔叔叔是个富神，靠的是天生神力,其他,2周前·河北,0,,,一级评论,user_2eea06e0597be417,2026-09-11T13:38:04+08:00
https://v.douyin.com/VbdgIrHokHM/ 12/04 :5pm XMJ:/ J@V.Lw,7675895658934586664,为什么说那年你雷神叔叔选择了弹幕最多的救场方式 #雷神 #复仇者联盟 #漫威 #充能计划,私藏月色i,其他,,影院看的雷神三 然后把漫威前面系列的都看了一遍,其他,1周前·浙江,0,,,一级评论,user_d7cf9ab94cdcf9ec,2026-09-11T13:38:04+08:00
https://v.douyin.com/VbdgIrHokHM/ 12/04 :5pm XMJ:/ J@V.Lw,7675895658934586664,为什么说那年你雷神叔叔选择了弹幕最多的救场方式 #雷神 #复仇者联盟 #漫威 #充能计划,私藏月色i,其他,,看我辟邪神雷！,其他,2周前·广东,2,1,,一级评论,user_491ed193f4b9e951,2026-09-11T13:38:21+08:00
https://v.douyin.com/VbdgIrHokHM/ 12/04 :5pm XMJ:/ J@V.Lw,7675895658934586664,为什么说那年你雷神叔叔选择了弹幕最多的救场方式 #雷神 #复仇者联盟 #漫威 #充能计划,私藏月色i,其他,,雷神可真的是神啊,其他,2周前·云南,2,,,一级评论,user_9a4dfbc8a3c5a475,2026-09-11T13:38:21+08:00
https://v.douyin.com/VbdgIrHokHM/ 12/04 :5pm XMJ:/ J@V.Lw,7675895658934586664,为什么说那年你雷神叔叔选择了弹幕最多的救场方式 #雷神 #复仇者联盟 #漫威 #充能计划,私藏月色i,其他,,为什么之后就打不过灭霸了,其他,2周前·北京,1,3,,一级评论,user_d42b093d3172a819,2026-09-11T13:38:21+08:00
https://v.douyin.com/VbdgIrHokHM/ 12/04 :5pm XMJ:/ J@V.Lw,7675895658934586664,为什么说那年你雷神叔叔选择了弹幕最多的救场方式 #雷神 #复仇者联盟 #漫威 #充能计划,私藏月色i,其他,,这斧头砍完灭霸之后去哪了，复联四好像没见过了,其他,2周前·云南,7,4,,一级评论,user_306d9d9b67cda59b,2026-09-11T13:38:21+08:00
https://v.douyin.com/VbdgIrHokHM/ 12/04 :5pm XMJ:/ J@V.Lw,7675895658934586664,为什么说那年你雷神叔叔选择了弹幕最多的救场方式 #雷神 #复仇者联盟 #漫威 #充能计划,私藏月色i,其他,,@豆包 12月17号发布的歌,其他,2周前·浙江,0,,,一级评论,user_f59dc16e9f6d216b,2026-09-11T13:38:21+08:00
https://v.douyin.com/VbdgIrHokHM/ 12/04 :5pm XMJ:/ J@V.Lw,7675895658934586664,为什么说那年你雷神叔叔选择了弹幕最多的救场方式 #雷神 #复仇者联盟 #漫威 #充能计划,私藏月色i,其他,,有一处微微不合理，美队都快被吃了，衣服破的并不多，和浩克的裤衩质量一样好,其他,1周前·山东,0,,,一级评论,user_83afc00abd1e41f7,2026-09-11T13:38:21+08:00
https://v.douyin.com/VbdgIrHokHM/ 12/04 :5pm XMJ:/ J@V.Lw,7675895658934586664,为什么说那年你雷神叔叔选择了弹幕最多的救场方式 #雷神 #复仇者联盟 #漫威 #充能计划,私藏月色i,其他,,这个我刚看,其他,1周前·广东,0,,,一级评论,user_85d9368b76867dae,2026-09-11T13:38:21+08:00
https://v.douyin.com/VbdgIrHokHM/ 12/04 :5pm XMJ:/ J@V.Lw,7675895658934586664,为什么说那年你雷神叔叔选择了弹幕最多的救场方式 #雷神 #复仇者联盟 #漫威 #充能计划,私藏月色i,其他,,第一次看真的以为会像复联一二那样后面会赢，结局的惨烈让小小的老子有点震撼,其他,2周前·广西,0,,,一级评论,user_09df5154b609ada9,2026-09-11T13:38:21+08:00
https://v.douyin.com/VbdgIrHokHM/ 12/04 :5pm XMJ:/ J@V.Lw,7675895658934586664,为什么说那年你雷神叔叔选择了弹幕最多的救场方式 #雷神 #复仇者联盟 #漫威 #充能计划,私藏月色i,其他,,现在人口减少，灭霸的设定已经快变成错的了,其他,3周前·江西,3,,,一级评论,user_b10c2e8bc44acc91,2026-09-11T13:38:21+08:00
https://v.douyin.com/VbdgIrHokHM/ 12/04 :5pm XMJ:/ J@V.Lw,7675895658934586664,为什么说那年你雷神叔叔选择了弹幕最多的救场方式 #雷神 #复仇者联盟 #漫威 #充能计划,私藏月色i,其他,,他两对打会怎么样,其他,3周前·四川,6,9,,一级评论,user_f4d2803dc332d540,2026-09-11T13:38:21+08:00
https://v.douyin.com/VbdgIrHokHM/ 12/04 :5pm XMJ:/ J@V.Lw,7675895658934586664,为什么说那年你雷神叔叔选择了弹幕最多的救场方式 #雷神 #复仇者联盟 #漫威 #充能计划,私藏月色i,其他,,我是格鲁特,其他,5天前·广东,0,,,一级评论,user_a5ed60822b26b90c,2026-09-11T13:38:37+08:00
https://v.douyin.com/VbdgIrHokHM/ 12/04 :5pm XMJ:/ J@V.Lw,7675895658934586664,为什么说那年你雷神叔叔选择了弹幕最多的救场方式 #雷神 #复仇者联盟 #漫威 #充能计划,私藏月色i,其他,,那雷神要是多开几个彩虹桥会不会灭霸小兵都烧完了,其他,2周前·北京,0,,,一级评论,user_cea3a9d9d3469cd3,2026-09-11T13:38:38+08:00
https://v.douyin.com/VbdgIrHokHM/ 12/04 :5pm XMJ:/ J@V.Lw,7675895658934586664,为什么说那年你雷神叔叔选择了弹幕最多的救场方式 #雷神 #复仇者联盟 #漫威 #充能计划,私藏月色i,其他,,漫威里有人靠科技有人靠变异，但是你雷神哥哥是天生的王者,其他,2周前·广东,1,,,一级评论,user_269c588d32f13c50,2026-09-11T13:38:38+08:00
https://v.douyin.com/VbdgIrHokHM/ 12/04 :5pm XMJ:/ J@V.Lw,7675895658934586664,为什么说那年你雷神叔叔选择了弹幕最多的救场方式 #雷神 #复仇者联盟 #漫威 #充能计划,私藏月色i,其他,,班纳穿反浩克甲没绷住,其他,3周前·山东,1,,,一级评论,user_be57be17537083a3,2026-09-11T13:38:38+08:00
https://v.douyin.com/VbdgIrHokHM/ 12/04 :5pm XMJ:/ J@V.Lw,7675895658934586664,为什么说那年你雷神叔叔选择了弹幕最多的救场方式 #雷神 #复仇者联盟 #漫威 #充能计划,私藏月色i,其他,,罗德：可恶，MVP被锤神抢了,其他,2周前·广东,1,,,一级评论,user_24c04685214e2bfd,2026-09-11T13:38:38+08:00
https://v.douyin.com/VbdgIrHokHM/ 12/04 :5pm XMJ:/ J@V.Lw,7675895658934586664,为什么说那年你雷神叔叔选择了弹幕最多的救场方式 #雷神 #复仇者联盟 #漫威 #充能计划,私藏月色i,其他,,假如3和4连在一起的话，不知道能不能上映不过那样整个故事线才是真正完整了,其他,3周前·上海,1,,,一级评论,user_1b6962c709be64fe,2026-09-11T13:38:38+08:00
https://v.douyin.com/VbdgIrHokHM/ 12/04 :5pm XMJ:/ J@V.Lw,7675895658934586664,为什么说那年你雷神叔叔选择了弹幕最多的救场方式 #雷神 #复仇者联盟 #漫威 #充能计划,私藏月色i,其他,,没理解他为什么要内衣外穿,其他,1周前·山东,0,,,一级评论,user_fcaa9967a0bcfcbd,2026-09-11T13:38:38+08:00
https://v.douyin.com/VbdgIrHokHM/ 12/04 :5pm XMJ:/ J@V.Lw,7675895658934586664,为什么说那年你雷神叔叔选择了弹幕最多的救场方式 #雷神 #复仇者联盟 #漫威 #充能计划,私藏月色i,其他,,这样战斗，美队的杀敌甚至没有晚来的火箭杀的多,其他,2周前·陕西,0,,,一级评论,user_0b5a4b1f50feed0c,2026-09-11T13:38:38+08:00
https://v.douyin.com/VbdgIrHokHM/ 12/04 :5pm XMJ:/ J@V.Lw,7675895658934586664,为什么说那年你雷神叔叔选择了弹幕最多的救场方式 #雷神 #复仇者联盟 #漫威 #充能计划,私藏月色i,其他,,必须配上那个bgm才有感觉，啊啊啊~啊,其他,1周前·四川,1,,,一级评论,user_3c30875e2cd8a410,2026-09-11T13:38:38+08:00
https://v.douyin.com/VbdgIrHokHM/ 12/04 :5pm XMJ:/ J@V.Lw,7675895658934586664,为什么说那年你雷神叔叔选择了弹幕最多的救场方式 #雷神 #复仇者联盟 #漫威 #充能计划,私藏月色i,其他,,主要是浩克没变出来，最后一波，不然还可以撑一会,其他,1周前·湖北,1,,,一级评论,user_b63d08543f011afd,2026-09-11T13:38:38+08:00
https://v.douyin.com/VbdgIrHokHM/ 12/04 :5pm XMJ:/ J@V.Lw,7675895658934586664,为什么说那年你雷神叔叔选择了弹幕最多的救场方式 #雷神 #复仇者联盟 #漫威 #充能计划,私藏月色i,其他,,这时候的雷神有海拉级别的实力不,其他,2周前·福建,8,8,,一级评论,user_6c6f77c8ee75278b,2026-09-11T13:38:55+08:00
https://v.douyin.com/VbdgIrHokHM/ 12/04 :5pm XMJ:/ J@V.Lw,7675895658934586664,为什么说那年你雷神叔叔选择了弹幕最多的救场方式 #雷神 #复仇者联盟 #漫威 #充能计划,私藏月色i,其他,,清兵清爽了没第一时间干灭霸,其他,5天前·江苏,3,2,,一级评论,user_7e515187ac48ab62,2026-09-11T13:38:55+08:00
https://v.douyin.com/VbdgIrHokHM/ 12/04 :5pm XMJ:/ J@V.Lw,7675895658934586664,为什么说那年你雷神叔叔选择了弹幕最多的救场方式 #雷神 #复仇者联盟 #漫威 #充能计划,私藏月色i,其他,,复联三的雷神我愿称为最强复仇者没有之一,其他,2周前·安徽,0,,,一级评论,user_798770061dbe754a,2026-09-11T13:38:55+08:00
https://v.douyin.com/VbdgIrHokHM/ 12/04 :5pm XMJ:/ J@V.Lw,7675895658934586664,为什么说那年你雷神叔叔选择了弹幕最多的救场方式 #雷神 #复仇者联盟 #漫威 #充能计划,私藏月色i,其他,,彩虹桥这个技能是他们都会的吗，还是只有海姆达尔才会,其他,2周前·河南,0,,,一级评论,user_ef580c3a796f587e,2026-09-11T13:38:55+08:00
https://v.douyin.com/VbdgIrHokHM/ 12/04 :5pm XMJ:/ J@V.Lw,7675895658934586664,为什么说那年你雷神叔叔选择了弹幕最多的救场方式 #雷神 #复仇者联盟 #漫威 #充能计划,私藏月色i,其他,,所有灭霸的技能到底是什么 超强肉体超强格斗吗,其他,2周前·山东,8,4,,一级评论,user_df75fbaaba8064f8,2026-09-11T13:38:55+08:00
https://v.douyin.com/VbdgIrHokHM/ 12/04 :5pm XMJ:/ J@V.Lw,7675895658934586664,为什么说那年你雷神叔叔选择了弹幕最多的救场方式 #雷神 #复仇者联盟 #漫威 #充能计划,私藏月色i,其他,,短发索尔，长发队长,其他,5天前·广东,0,,,一级评论,user_662d619a17af7372,2026-09-11T13:38:55+08:00
https://v.douyin.com/VbdgIrHokHM/ 12/04 :5pm XMJ:/ J@V.Lw,7675895658934586664,为什么说那年你雷神叔叔选择了弹幕最多的救场方式 #雷神 #复仇者联盟 #漫威 #充能计划,私藏月色i,其他,,灭霸最恨的就是雷神,其他,2周前·浙江,0,,,一级评论,user_86139fdb87924ecf,2026-09-11T13:38:55+08:00
https://v.douyin.com/VbdgIrHokHM/ 12/04 :5pm XMJ:/ J@V.Lw,7675895658934586664,为什么说那年你雷神叔叔选择了弹幕最多的救场方式 #雷神 #复仇者联盟 #漫威 #充能计划,私藏月色i,其他,,最遗憾的就是没看到海拉和带宝石的灭霸打架，感觉有点难拍,其他,3周前·广东,1,,,一级评论,user_692593b8067a82ce,2026-09-11T13:38:55+08:00
https://v.douyin.com/VbdgIrHokHM/ 12/04 :5pm XMJ:/ J@V.Lw,7675895658934586664,为什么说那年你雷神叔叔选择了弹幕最多的救场方式 #雷神 #复仇者联盟 #漫威 #充能计划,私藏月色i,其他,,我比较好奇，灭霸在打响指之前通过武力杀死一半人口的星球，在打响指之后还会消失一半人口吗？再一个就是，高中生物，k/2不是生的更快吗？,其他,2周前·辽宁,1,,,一级评论,user_63f84ddf711c934f,2026-09-11T13:38:55+08:00
https://v.douyin.com/VbdgIrHokHM/ 12/04 :5pm XMJ:/ J@V.Lw,7675895658934586664,为什么说那年你雷神叔叔选择了弹幕最多的救场方式 #雷神 #复仇者联盟 #漫威 #充能计划,私藏月色i,其他,,一个总以为自己是个战士的脆皮法师,其他,1周前·浙江,1,,,一级评论,user_61fff73ed885a7ac,2026-09-11T13:38:55+08:00
https://v.douyin.com/VbdgIrHokHM/ 12/04 :5pm XMJ:/ J@V.Lw,7675895658934586664,为什么说那年你雷神叔叔选择了弹幕最多的救场方式 #雷神 #复仇者联盟 #漫威 #充能计划,私藏月色i,其他,,初代最强复仇者,其他,2周前·广西,2,,,一级评论,user_bc64221cb9891306,2026-09-11T13:39:15+08:00
https://v.douyin.com/VbdgIrHokHM/ 12/04 :5pm XMJ:/ J@V.Lw,7675895658934586664,为什么说那年你雷神叔叔选择了弹幕最多的救场方式 #雷神 #复仇者联盟 #漫威 #充能计划,私藏月色i,其他,,跪求剧名,其他,2周前·浙江,34,19,,一级评论,user_f4cdd39b10393d73,2026-09-11T13:39:15+08:00
https://v.douyin.com/VbdgIrHokHM/ 12/04 :5pm XMJ:/ J@V.Lw,7675895658934586664,为什么说那年你雷神叔叔选择了弹幕最多的救场方式 #雷神 #复仇者联盟 #漫威 #充能计划,私藏月色i,其他,,无畏契约：源能行动,其他,2周前·陕西,266,,,一级评论,user_529553d86a16ead7,2026-09-11T13:39:15+08:00
https://v.douyin.com/VbdgIrHokHM/ 12/04 :5pm XMJ:/ J@V.Lw,7675895658934586664,为什么说那年你雷神叔叔选择了弹幕最多的救场方式 #雷神 #复仇者联盟 #漫威 #充能计划,私藏月色i,其他,,格鲁特砍手看的我起鸡皮嘎哒,其他,2天前·北京,1,,,一级评论,user_fa9b4c082426b9ac,2026-09-11T13:39:15+08:00
https://v.douyin.com/VbdgIrHokHM/ 12/04 :5pm XMJ:/ J@V.Lw,7675895658934586664,为什么说那年你雷神叔叔选择了弹幕最多的救场方式 #雷神 #复仇者联盟 #漫威 #充能计划,私藏月色i,其他,,@哼哼h 真的当时感觉太帅了,其他,1周前·河北,0,1,,一级评论,user_99b57b7f19ec5bb6,2026-09-11T13:39:15+08:00
https://v.douyin.com/VbdgIrHokHM/ 12/04 :5pm XMJ:/ J@V.Lw,7675895658934586664,为什么说那年你雷神叔叔选择了弹幕最多的救场方式 #雷神 #复仇者联盟 #漫威 #充能计划,私藏月色i,其他,,雷电小子但凡这时候去的是泰坦星早就赢了,其他,2周前·山东,1,,,一级评论,,2026-09-11T13:39:15+08:00
https://v.douyin.com/VbdgIrHokHM/ 12/04 :5pm XMJ:/ J@V.Lw,7675895658934586664,为什么说那年你雷神叔叔选择了弹幕最多的救场方式 #雷神 #复仇者联盟 #漫威 #充能计划,私藏月色i,其他,,何止漫威，影视上都没几个比这帅的,其他,2周前·新疆,0,,,一级评论,user_a5bc11ad452cacb0,2026-09-11T13:39:15+08:00
https://v.douyin.com/VbdgIrHokHM/ 12/04 :5pm XMJ:/ J@V.Lw,7675895658934586664,为什么说那年你雷神叔叔选择了弹幕最多的救场方式 #雷神 #复仇者联盟 #漫威 #充能计划,私藏月色i,其他,,想爹之力，想一次爹觉醒一次,其他,2周前·广东,2,,,一级评论,user_b4fd983d779f6451,2026-09-11T13:39:15+08:00
https://v.douyin.com/VbdgIrHokHM/ 12/04 :5pm XMJ:/ J@V.Lw,7675895658934586664,为什么说那年你雷神叔叔选择了弹幕最多的救场方式 #雷神 #复仇者联盟 #漫威 #充能计划,私藏月色i,其他,,人怎么跟神比 他是真正的神啊,其他,3周前·湖南,1,,,一级评论,user_0f2a76af7347be2c,2026-09-11T13:39:15+08:00
https://v.douyin.com/VbdgIrHokHM/ 12/04 :5pm XMJ:/ J@V.Lw,7675895658934586664,为什么说那年你雷神叔叔选择了弹幕最多的救场方式 #雷神 #复仇者联盟 #漫威 #充能计划,私藏月色i,其他,,美队打个小怪都费劲,其他,2周前·浙江,1,,,一级评论,user_96a956d41ce285dd,2026-09-11T13:39:15+08:00
https://v.douyin.com/VbdgIrHokHM/ 12/04 :5pm XMJ:/ J@V.Lw,7675895658934586664,为什么说那年你雷神叔叔选择了弹幕最多的救场方式 #雷神 #复仇者联盟 #漫威 #充能计划,私藏月色i,其他,,我听说那个风暴战斧，好像是只能适配格鲁特的这个木柄，其他的扛不住,其他,2天前·江苏,0,2,,一级评论,user_eb151196998af5c9,2026-09-11T13:39:33+08:00
https://v.douyin.com/VbdgIrHokHM/ 12/04 :5pm XMJ:/ J@V.Lw,7675895658934586664,为什么说那年你雷神叔叔选择了弹幕最多的救场方式 #雷神 #复仇者联盟 #漫威 #充能计划,私藏月色i,其他,,如果灭霸进攻的是40k时代的地球能赢吗？,其他,1天前·浙江,0,2,,一级评论,user_8e48ee0e0ffe8261,2026-09-11T13:39:33+08:00
https://v.douyin.com/VbdgIrHokHM/ 12/04 :5pm XMJ:/ J@V.Lw,7675895658934586664,为什么说那年你雷神叔叔选择了弹幕最多的救场方式 #雷神 #复仇者联盟 #漫威 #充能计划,私藏月色i,其他,,这里面最喜欢雷神@ 回头你去看,其他,2周前·河北,1,,,一级评论,user_24ebf4cf8c5f5568,2026-09-11T13:39:33+08:00
https://v.douyin.com/VbdgIrHokHM/ 12/04 :5pm XMJ:/ J@V.Lw,7675895658934586664,为什么说那年你雷神叔叔选择了弹幕最多的救场方式 #雷神 #复仇者联盟 #漫威 #充能计划,私藏月色i,其他,,依旧你雷神叔叔,其他,2周前·河北,0,,,一级评论,user_b67b291049b17c82,2026-09-11T13:39:33+08:00
https://v.douyin.com/VbdgIrHokHM/ 12/04 :5pm XMJ:/ J@V.Lw,7675895658934586664,为什么说那年你雷神叔叔选择了弹幕最多的救场方式 #雷神 #复仇者联盟 #漫威 #充能计划,私藏月色i,其他,,彩虹桥居然可以破瓦坎达达能量罩,其他,1周前·美国,1,,,一级评论,user_3b0b04e30cb05dca,2026-09-11T13:39:33+08:00
https://v.douyin.com/VbdgIrHokHM/ 12/04 :5pm XMJ:/ J@V.Lw,7675895658934586664,为什么说那年你雷神叔叔选择了弹幕最多的救场方式 #雷神 #复仇者联盟 #漫威 #充能计划,私藏月色i,其他,,给罗德打爽了,其他,3周前·云南,2,,,一级评论,user_38b066918a18e0e5,2026-09-11T13:39:33+08:00
https://v.douyin.com/VbdgIrHokHM/ 12/04 :5pm XMJ:/ J@V.Lw,7675895658934586664,为什么说那年你雷神叔叔选择了弹幕最多的救场方式 #雷神 #复仇者联盟 #漫威 #充能计划,私藏月色i,其他,,诶 要不你猜猜他为什么叫雷  神,其他,2周前·四川,1,,,一级评论,user_853950dfc2cf7010,2026-09-11T13:39:33+08:00
https://v.douyin.com/VbdgIrHokHM/ 12/04 :5pm XMJ:/ J@V.Lw,7675895658934586664,为什么说那年你雷神叔叔选择了弹幕最多的救场方式 #雷神 #复仇者联盟 #漫威 #充能计划,私藏月色i,其他,,初代复联肉身最强之人,其他,4天前·浙江,0,,,一级评论,user_5973773bed4efd9e,2026-09-11T13:39:33+08:00
https://v.douyin.com/VbdgIrHokHM/ 12/04 :5pm XMJ:/ J@V.Lw,7675895658934586664,为什么说那年你雷神叔叔选择了弹幕最多的救场方式 #雷神 #复仇者联盟 #漫威 #充能计划,私藏月色i,其他,,震惊我的是，矮人族的矮人个头有两个绿巨人那么大,分享经历,5天前·广东,0,,,一级评论,user_586e8f761634c2bb,2026-09-11T13:39:33+08:00
https://v.douyin.com/VbdgIrHokHM/ 12/04 :5pm XMJ:/ J@V.Lw,7675895658934586664,为什么说那年你雷神叔叔选择了弹幕最多的救场方式 #雷神 #复仇者联盟 #漫威 #充能计划,私藏月色i,其他,,可惜了后面喝小麦果汁太多了,其他,2天前·广西,2,,,一级评论,user_5ce5fce931157084,2026-09-11T13:39:33+08:00
https://v.douyin.com/VbdgIrHokHM/ 12/04 :5pm XMJ:/ J@V.Lw,7675895658934586664,为什么说那年你雷神叔叔选择了弹幕最多的救场方式 #雷神 #复仇者联盟 #漫威 #充能计划,私藏月色i,其他,,告诉我索尔是什么,其他,2周前·贵州,2,2,,一级评论,user_353d268789579349,2026-09-11T13:39:53+08:00
https://v.douyin.com/VbdgIrHokHM/ 12/04 :5pm XMJ:/ J@V.Lw,7675895658934586664,为什么说那年你雷神叔叔选择了弹幕最多的救场方式 #雷神 #复仇者联盟 #漫威 #充能计划,私藏月色i,其他,,话说海姆达尔死了怎么开的彩虹桥回地球的,其他,2周前·爱尔兰,4,3,,一级评论,user_c467513d7e883aa4,2026-09-11T13:39:53+08:00
https://v.douyin.com/VbdgIrHokHM/ 12/04 :5pm XMJ:/ J@V.Lw,7675895658934586664,为什么说那年你雷神叔叔选择了弹幕最多的救场方式 #雷神 #复仇者联盟 #漫威 #充能计划,私藏月色i,其他,,这时候的雷神比浩克强,其他,2周前·山东,1,2,,一级评论,user_d56636b8be7d70b0,2026-09-11T13:39:53+08:00
https://v.douyin.com/VbdgIrHokHM/ 12/04 :5pm XMJ:/ J@V.Lw,7675895658934586664,为什么说那年你雷神叔叔选择了弹幕最多的救场方式 #雷神 #复仇者联盟 #漫威 #充能计划,私藏月色i,其他,,雷神真的帅炸了,其他,2周前·上海,0,,,一级评论,user_473bd1cdec77116c,2026-09-11T13:39:53+08:00
https://v.douyin.com/VbdgIrHokHM/ 12/04 :5pm XMJ:/ J@V.Lw,7675895658934586664,为什么说那年你雷神叔叔选择了弹幕最多的救场方式 #雷神 #复仇者联盟 #漫威 #充能计划,私藏月色i,其他,,雷神绝招:想爹,其他,3周前·辽宁,1,,,一级评论,user_91bf9286644a47f3,2026-09-11T13:39:53+08:00
https://v.douyin.com/VbdgIrHokHM/ 12/04 :5pm XMJ:/ J@V.Lw,7675895658934586664,为什么说那年你雷神叔叔选择了弹幕最多的救场方式 #雷神 #复仇者联盟 #漫威 #充能计划,私藏月色i,其他,,破茧一响，昊爹救场,其他,2周前·安徽,1,,,一级评论,user_3130a06d5ba7a4d4,2026-09-11T13:39:53+08:00
https://v.douyin.com/VbdgIrHokHM/ 12/04 :5pm XMJ:/ J@V.Lw,7675895658934586664,为什么说那年你雷神叔叔选择了弹幕最多的救场方式 #雷神 #复仇者联盟 #漫威 #充能计划,私藏月色i,其他,,这么燃的场面，能不能不要用这种背景音乐啊？你知不知道这首歌唱的是什么意思？,其他,2周前·云南,1,,,一级评论,user_7b91ce980652abe8,2026-09-11T13:39:53+08:00
https://v.douyin.com/VbdgIrHokHM/ 12/04 :5pm XMJ:/ J@V.Lw,7675895658934586664,为什么说那年你雷神叔叔选择了弹幕最多的救场方式 #雷神 #复仇者联盟 #漫威 #充能计划,私藏月色i,其他,,终于想起来自己是个法师了吗？,其他,1周前·广西,0,,,一级评论,user_6b1f3a2377b2c587,2026-09-11T13:39:53+08:00
https://v.douyin.com/VbdgIrHokHM/ 12/04 :5pm XMJ:/ J@V.Lw,7675895658934586664,为什么说那年你雷神叔叔选择了弹幕最多的救场方式 #雷神 #复仇者联盟 #漫威 #充能计划,私藏月色i,其他,,谁知道他那个跳起来砸地我小时候学了多少次,其他,3周前·陕西,1,,,一级评论,user_3e86cdb14f953b0d,2026-09-11T13:39:53+08:00
https://v.douyin.com/VbdgIrHokHM/ 12/04 :5pm XMJ:/ J@V.Lw,7675895658934586664,为什么说那年你雷神叔叔选择了弹幕最多的救场方式 #雷神 #复仇者联盟 #漫威 #充能计划,私藏月色i,其他,,我以为吕布已经天下无敌 这是谁的猛将,其他,1周前·新疆,0,,,一级评论,user_86072264008b1dc2,2026-09-11T13:39:53+08:00
https://v.douyin.com/VbdgIrHokHM/ 12/04 :5pm XMJ:/ J@V.Lw,7675895658934586664,为什么说那年你雷神叔叔选择了弹幕最多的救场方式 #雷神 #复仇者联盟 #漫威 #充能计划,私藏月色i,其他,,不能给雷神做一套钢铁战甲吗,其他,1周前·浙江,0,5,,一级评论,user_22ac46e55cbd02f0,2026-09-11T13:40:15+08:00
https://v.douyin.com/VbdgIrHokHM/ 12/04 :5pm XMJ:/ J@V.Lw,7675895658934586664,为什么说那年你雷神叔叔选择了弹幕最多的救场方式 #雷神 #复仇者联盟 #漫威 #充能计划,私藏月色i,其他,,雷神啥时候能有他爹奥丁那么厉害呀,其他,2周前·浙江,1,3,,一级评论,user_a567116d2e041588,2026-09-11T13:40:15+08:00
https://v.douyin.com/VbdgIrHokHM/ 12/04 :5pm XMJ:/ J@V.Lw,7675895658934586664,为什么说那年你雷神叔叔选择了弹幕最多的救场方式 #雷神 #复仇者联盟 #漫威 #充能计划,私藏月色i,其他,,要记住，雷神可是神啊！,其他,3周前·广东,1,,,一级评论,user_e6da749251b6d5cb,2026-09-11T13:40:15+08:00
https://v.douyin.com/VbdgIrHokHM/ 12/04 :5pm XMJ:/ J@V.Lw,7675895658934586664,为什么说那年你雷神叔叔选择了弹幕最多的救场方式 #雷神 #复仇者联盟 #漫威 #充能计划,私藏月色i,其他,,砍头就赢了,其他,3周前·浙江,8,5,,一级评论,user_65e107e0a46e3548,2026-09-11T13:40:15+08:00
https://v.douyin.com/VbdgIrHokHM/ 12/04 :5pm XMJ:/ J@V.Lw,7675895658934586664,为什么说那年你雷神叔叔选择了弹幕最多的救场方式 #雷神 #复仇者联盟 #漫威 #充能计划,私藏月色i,其他,,而且索尔越活越牛逼哦,其他,1周前·广东,0,,,一级评论,user_7da6de83980a4a73,2026-09-11T13:40:15+08:00
https://v.douyin.com/VbdgIrHokHM/ 12/04 :5pm XMJ:/ J@V.Lw,7675895658934586664,为什么说那年你雷神叔叔选择了弹幕最多的救场方式 #雷神 #复仇者联盟 #漫威 #充能计划,私藏月色i,其他,,这个时候战力巅峰了，能秒杀灭霸,其他,2周前·广东,0,,,一级评论,user_5cfb7f5510679dd6,2026-09-11T13:40:15+08:00
https://v.douyin.com/VbdgIrHokHM/ 12/04 :5pm XMJ:/ J@V.Lw,7675895658934586664,为什么说那年你雷神叔叔选择了弹幕最多的救场方式 #雷神 #复仇者联盟 #漫威 #充能计划,私藏月色i,其他,,这不是哥们，你才是哥们，这…这是男人,其他,1周前·广东,0,,,一级评论,user_ef6ccf4fde59fff8,2026-09-11T13:40:15+08:00
https://v.douyin.com/VbdgIrHokHM/ 12/04 :5pm XMJ:/ J@V.Lw,7675895658934586664,为什么说那年你雷神叔叔选择了弹幕最多的救场方式 #雷神 #复仇者联盟 #漫威 #充能计划,私藏月色i,其他,,@麻辣香郭 要不是后面血液里全是花生酱，雷神复联四一个人就可以打灭霸了,其他,1周前·云南,1,,,一级评论,user_e092c3eef9ae41ab,2026-09-11T13:40:15+08:00
https://v.douyin.com/VbdgIrHokHM/ 12/04 :5pm XMJ:/ J@V.Lw,7675895658934586664,为什么说那年你雷神叔叔选择了弹幕最多的救场方式 #雷神 #复仇者联盟 #漫威 #充能计划,私藏月色i,其他,,做着心电图呢，就跑来救场了,其他,1周前·山东,0,,,一级评论,user_85ddc22f29ee0978,2026-09-11T13:40:15+08:00
https://v.douyin.com/VbdgIrHokHM/ 12/04 :5pm XMJ:/ J@V.Lw,7675895658934586664,为什么说那年你雷神叔叔选择了弹幕最多的救场方式 #雷神 #复仇者联盟 #漫威 #充能计划,私藏月色i,其他,,最喜欢黑豹的动作，太帅了,其他,2周前·河北,0,,,一级评论,user_8176de1acc212b66,2026-09-11T13:40:15+08:00
https://v.douyin.com/VbdgIrHokHM/ 12/04 :5pm XMJ:/ J@V.Lw,7675895658934586664,为什么说那年你雷神叔叔选择了弹幕最多的救场方式 #雷神 #复仇者联盟 #漫威 #充能计划,私藏月色i,其他,,索尔惊奇队长绯红女巫 对付灭霸绰绰有余,其他,2天前·山东,2,,,一级评论,user_95ad0b69ac338446,2026-09-11T13:40:35+08:00
https://v.douyin.com/VbdgIrHokHM/ 12/04 :5pm XMJ:/ J@V.Lw,7675895658934586664,为什么说那年你雷神叔叔选择了弹幕最多的救场方式 #雷神 #复仇者联盟 #漫威 #充能计划,私藏月色i,其他,,惊奇队长才是最强,其他,1周前·广东,0,,,一级评论,user_fc70417bfe085402,2026-09-11T13:40:35+08:00
https://v.douyin.com/VbdgIrHokHM/ 12/04 :5pm XMJ:/ J@V.Lw,7675895658934586664,为什么说那年你雷神叔叔选择了弹幕最多的救场方式 #雷神 #复仇者联盟 #漫威 #充能计划,私藏月色i,其他,,复4的惊奇队长救场也很帅,其他,1周前·河南,0,,,一级评论,user_4a6c51ce85bca22f,2026-09-11T13:40:35+08:00
https://v.douyin.com/VbdgIrHokHM/ 12/04 :5pm XMJ:/ J@V.Lw,7675895658934586664,为什么说那年你雷神叔叔选择了弹幕最多的救场方式 #雷神 #复仇者联盟 #漫威 #充能计划,私藏月色i,其他,,表现力太差了，雷神雷神，雷跟特效一样,其他,2周前·浙江,0,,,一级评论,user_bce773040413518d,2026-09-11T13:40:35+08:00
https://v.douyin.com/VbdgIrHokHM/ 12/04 :5pm XMJ:/ J@V.Lw,7675895658934586664,为什么说那年你雷神叔叔选择了弹幕最多的救场方式 #雷神 #复仇者联盟 #漫威 #充能计划,私藏月色i,其他,,@bulingbuling 雷神也巨帅,其他,1周前·山东,1,,,一级评论,user_522d699728ac751c,2026-09-11T13:40:35+08:00
https://v.douyin.com/VbdgIrHokHM/ 12/04 :5pm XMJ:/ J@V.Lw,7675895658934586664,为什么说那年你雷神叔叔选择了弹幕最多的救场方式 #雷神 #复仇者联盟 #漫威 #充能计划,私藏月色i,其他,,那年都说他原来是法师,其他,2周前·海南,0,,,一级评论,user_0e9e37c7ae9a412f,2026-09-11T13:40:36+08:00
https://v.douyin.com/VbdgIrHokHM/ 12/04 :5pm XMJ:/ J@V.Lw,7675895658934586664,为什么说那年你雷神叔叔选择了弹幕最多的救场方式 #雷神 #复仇者联盟 #漫威 #充能计划,私藏月色i,其他,,班纳：稳辣！稳辣！！！,其他,3周前·北京,2,,,一级评论,user_ec98d22f5905e22c,2026-09-11T13:40:36+08:00
https://v.douyin.com/VbdgIrHokHM/ 12/04 :5pm XMJ:/ J@V.Lw,7675895658934586664,为什么说那年你雷神叔叔选择了弹幕最多的救场方式 #雷神 #复仇者联盟 #漫威 #充能计划,私藏月色i,其他,,问激素小子有什么用,其他,1周前·陕西,0,,,一级评论,user_7f43d1a09a4ca898,2026-09-11T13:40:36+08:00
https://v.douyin.com/VbdgIrHokHM/ 12/04 :5pm XMJ:/ J@V.Lw,7675895658934586664,为什么说那年你雷神叔叔选择了弹幕最多的救场方式 #雷神 #复仇者联盟 #漫威 #充能计划,私藏月色i,其他,,硬扛中子星,其他,3天前·广东,0,,,一级评论,user_728d190dcf363f2e,2026-09-11T13:40:36+08:00
https://v.douyin.com/VbdgIrHokHM/ 12/04 :5pm XMJ:/ J@V.Lw,7675895658934586664,为什么说那年你雷神叔叔选择了弹幕最多的救场方式 #雷神 #复仇者联盟 #漫威 #充能计划,私藏月色i,其他,,这个时候真看哭了（激动）,其他,2天前·重庆,0,,,一级评论,user_736e47d33092718e,2026-09-11T13:40:36+08:00
https://v.douyin.com/VbdgIrHokHM/ 12/04 :5pm XMJ:/ J@V.Lw,7675895658934586664,为什么说那年你雷神叔叔选择了弹幕最多的救场方式 #雷神 #复仇者联盟 #漫威 #充能计划,私藏月色i,其他,,不愧是奥丁之子,其他,2周前·甘肃,1,,,一级评论,user_9989b7fcddfb6889,2026-09-11T13:40:57+08:00
https://v.douyin.com/VbdgIrHokHM/ 12/04 :5pm XMJ:/ J@V.Lw,7675895658934586664,为什么说那年你雷神叔叔选择了弹幕最多的救场方式 #雷神 #复仇者联盟 #漫威 #充能计划,私藏月色i,其他,,劲爆点男主,其他,1周前·宁夏,0,,,一级评论,user_000e89ef8abefecc,2026-09-11T13:40:58+08:00
https://v.douyin.com/VbdgIrHokHM/ 12/04 :5pm XMJ:/ J@V.Lw,7675895658934586664,为什么说那年你雷神叔叔选择了弹幕最多的救场方式 #雷神 #复仇者联盟 #漫威 #充能计划,私藏月色i,其他,,@王思！！！ 真的很帅,其他,1周前·辽宁,0,,,一级评论,user_794088576a6eb796,2026-09-11T13:40:58+08:00
https://v.douyin.com/VbdgIrHokHM/ 12/04 :5pm XMJ:/ J@V.Lw,7675895658934586664,为什么说那年你雷神叔叔选择了弹幕最多的救场方式 #雷神 #复仇者联盟 #漫威 #充能计划,私藏月色i,其他,,那时候在电影院帅死了,其他,2周前·上海,1,,,一级评论,,2026-09-11T13:40:58+08:00
https://v.douyin.com/VbdgIrHokHM/ 12/04 :5pm XMJ:/ J@V.Lw,7675895658934586664,为什么说那年你雷神叔叔选择了弹幕最多的救场方式 #雷神 #复仇者联盟 #漫威 #充能计划,私藏月色i,其他,,队友被团灭了打野才过来,其他,1天前·江苏,0,,,一级评论,user_ca7675ea5ec431a2,2026-09-11T13:40:58+08:00
https://v.douyin.com/VbdgIrHokHM/ 12/04 :5pm XMJ:/ J@V.Lw,7675895658934586664,为什么说那年你雷神叔叔选择了弹幕最多的救场方式 #雷神 #复仇者联盟 #漫威 #充能计划,私藏月色i,其他,,他已经没什么可以失去的了,其他,2周前·吉林,1,,,一级评论,user_011d628c93465715,2026-09-11T13:40:58+08:00
https://v.douyin.com/VbdgIrHokHM/ 12/04 :5pm XMJ:/ J@V.Lw,7675895658934586664,为什么说那年你雷神叔叔选择了弹幕最多的救场方式 #雷神 #复仇者联盟 #漫威 #充能计划,私藏月色i,其他,,战法,其他,3天前·辽宁,0,,,一级评论,user_49a2b928a947b94b,2026-09-11T13:40:58+08:00
https://v.douyin.com/VbdgIrHokHM/ 12/04 :5pm XMJ:/ J@V.Lw,7675895658934586664,为什么说那年你雷神叔叔选择了弹幕最多的救场方式 #雷神 #复仇者联盟 #漫威 #充能计划,私藏月色i,其他,,自我牺牲，是成神的必经之路,其他,4天前·北京,0,,,一级评论,user_910fae24ff75fe8d,2026-09-11T13:40:58+08:00
https://v.douyin.com/VbdgIrHokHM/ 12/04 :5pm XMJ:/ J@V.Lw,7675895658934586664,为什么说那年你雷神叔叔选择了弹幕最多的救场方式 #雷神 #复仇者联盟 #漫威 #充能计划,私藏月色i,其他,,这雷霆大劈砍太帅了,其他,2周前·山东,2,,,一级评论,user_d7707334c820dda5,2026-09-11T13:40:58+08:00
https://v.douyin.com/VbdgIrHokHM/ 12/04 :5pm XMJ:/ J@V.Lw,7675895658934586664,为什么说那年你雷神叔叔选择了弹幕最多的救场方式 #雷神 #复仇者联盟 #漫威 #充能计划,私藏月色i,其他,,那一斧子下去的时候来句，以雷霆击碎黑暗。该有多帅,其他,3天前·浙江,0,,,一级评论,user_128060ed9ef1fbc7,2026-09-11T13:40:58+08:00
https://v.douyin.com/VbdgIrHokHM/ 12/04 :5pm XMJ:/ J@V.Lw,7675895658934586664,为什么说那年你雷神叔叔选择了弹幕最多的救场方式 #雷神 #复仇者联盟 #漫威 #充能计划,私藏月色i,其他,,雷神是不是去世了,其他,10小时前·江苏,0,1,,一级评论,user_c68dfe450024dac6,2026-09-11T13:41:20+08:00
https://v.douyin.com/VbdgIrHokHM/ 12/04 :5pm XMJ:/ J@V.Lw,7675895658934586664,为什么说那年你雷神叔叔选择了弹幕最多的救场方式 #雷神 #复仇者联盟 #漫威 #充能计划,私藏月色i,其他,,告诉我，索尔是,其他,1周前·江苏,0,1,,一级评论,user_04e9c58305a57bd9,2026-09-11T13:41:20+08:00
https://v.douyin.com/VbdgIrHokHM/ 12/04 :5pm XMJ:/ J@V.Lw,7675895658934586664,为什么说那年你雷神叔叔选择了弹幕最多的救场方式 #雷神 #复仇者联盟 #漫威 #充能计划,私藏月色i,其他,,这段当时看的时候就有点疑惑   瓦坎达不是有屏障吗   彩虹桥怎么进来的,其他,2周前·内蒙古,0,3,,一级评论,user_2454074e599d1593,2026-09-11T13:41:20+08:00
https://v.douyin.com/VbdgIrHokHM/ 12/04 :5pm XMJ:/ J@V.Lw,7675895658934586664,为什么说那年你雷神叔叔选择了弹幕最多的救场方式 #雷神 #复仇者联盟 #漫威 #充能计划,私藏月色i,其他,,雷神太惨了,其他,1周前·广东,0,,,一级评论,user_803de17cb47ebf89,2026-09-11T13:41:20+08:00
https://v.douyin.com/VbdgIrHokHM/ 12/04 :5pm XMJ:/ J@V.Lw,7675895658934586664,为什么说那年你雷神叔叔选择了弹幕最多的救场方式 #雷神 #复仇者联盟 #漫威 #充能计划,私藏月色i,其他,,看完二向箔没法再看这个了,其他,2周前·河北,0,,,一级评论,user_af2e5362ff8dc6e1,2026-09-11T13:41:20+08:00
https://v.douyin.com/VbdgIrHokHM/ 12/04 :5pm XMJ:/ J@V.Lw,7675895658934586664,为什么说那年你雷神叔叔选择了弹幕最多的救场方式 #雷神 #复仇者联盟 #漫威 #充能计划,私藏月色i,其他,,这一斧之后，索尔 爱上了啤酒,其他,2周前·广东,0,,,一级评论,user_052aad4b39b39571,2026-09-11T13:41:20+08:00
https://v.douyin.com/VbdgIrHokHM/ 12/04 :5pm XMJ:/ J@V.Lw,7675895658934586664,为什么说那年你雷神叔叔选择了弹幕最多的救场方式 #雷神 #复仇者联盟 #漫威 #充能计划,私藏月色i,其他,,复联三把电用完了，所以复联四战力就弱了,其他,2周前·福建,0,,,一级评论,user_ff31643cf5fa9730,2026-09-11T13:41:20+08:00
https://v.douyin.com/VbdgIrHokHM/ 12/04 :5pm XMJ:/ J@V.Lw,7675895658934586664,为什么说那年你雷神叔叔选择了弹幕最多的救场方式 #雷神 #复仇者联盟 #漫威 #充能计划,私藏月色i,其他,,这是个神啊,其他,1周前·陕西,0,,,一级评论,user_e8cd4daaa080ae34,2026-09-11T13:41:21+08:00
https://v.douyin.com/VbdgIrHokHM/ 12/04 :5pm XMJ:/ J@V.Lw,7675895658934586664,为什么说那年你雷神叔叔选择了弹幕最多的救场方式 #雷神 #复仇者联盟 #漫威 #充能计划,私藏月色i,其他,,adc还是有用的。清兵太快了,其他,3周前·河北,1,,,一级评论,user_6ed18e276a32a5c7,2026-09-11T13:41:21+08:00
https://v.douyin.com/VbdgIrHokHM/ 12/04 :5pm XMJ:/ J@V.Lw,7675895658934586664,为什么说那年你雷神叔叔选择了弹幕最多的救场方式 #雷神 #复仇者联盟 #漫威 #充能计划,私藏月色i,其他,,"终于来早了一回
作者赞过",其他,3周前·河南,34,,,一级评论,user_6229b6172abe169a,2026-09-11T13:41:21+08:00
https://v.douyin.com/VbdgIrHokHM/ 12/04 :5pm XMJ:/ J@V.Lw,7675895658934586664,为什么说那年你雷神叔叔选择了弹幕最多的救场方式 #雷神 #复仇者联盟 #漫威 #充能计划,私藏月色i,其他,,雷电小子但凡这时候去的是泰坦星早就赢了,其他,3周前·山东,1,,,一级评论,,2026-09-11T13:41:40+08:00
https://v.douyin.com/VbdgIrHokHM/ 12/04 :5pm XMJ:/ J@V.Lw,7675895658934586664,为什么说那年你雷神叔叔选择了弹幕最多的救场方式 #雷神 #复仇者联盟 #漫威 #充能计划,私藏月色i,其他,,这个时候的海总算不算是最强复仇者？,其他,2周前·安徽,0,1,,一级评论,user_79dae2b0f785f8c0,2026-09-11T13:41:43+08:00
https://v.douyin.com/VbdgIrHokHM/ 12/04 :5pm XMJ:/ J@V.Lw,7675895658934586664,为什么说那年你雷神叔叔选择了弹幕最多的救场方式 #雷神 #复仇者联盟 #漫威 #充能计划,私藏月色i,其他,,这个时候的雷神巨强,其他,2周前·广东,0,,,一级评论,user_e0479da875c4c361,2026-09-11T13:41:43+08:00
https://v.douyin.com/VbdgIrHokHM/ 12/04 :5pm XMJ:/ J@V.Lw,7675895658934586664,为什么说那年你雷神叔叔选择了弹幕最多的救场方式 #雷神 #复仇者联盟 #漫威 #充能计划,私藏月色i,其他,,还有一个疑问，为什么雷神拿到斧子没有去找星爵那边呢？,其他,2周前·江苏,1,1,,一级评论,user_7e391483865496f0,2026-09-11T13:41:43+08:00
https://v.douyin.com/VbdgIrHokHM/ 12/04 :5pm XMJ:/ J@V.Lw,7675895658934586664,为什么说那年你雷神叔叔选择了弹幕最多的救场方式 #雷神 #复仇者联盟 #漫威 #充能计划,私藏月色i,其他,,暴风战斧硬抗6宝石都批过去了,其他,2周前·青海,1,,,一级评论,user_4a0a978f9ebdd68e,2026-09-11T13:41:44+08:00
https://v.douyin.com/VbdgIrHokHM/ 12/04 :5pm XMJ:/ J@V.Lw,7675895658934586664,为什么说那年你雷神叔叔选择了弹幕最多的救场方式 #雷神 #复仇者联盟 #漫威 #充能计划,私藏月色i,其他,,可惜剧情不让斩头,其他,2周前·广东,1,,,一级评论,user_21c8a6611b062bdc,2026-09-11T13:41:44+08:00
https://v.douyin.com/VbdgIrHokHM/ 12/04 :5pm XMJ:/ J@V.Lw,7675895658934586664,为什么说那年你雷神叔叔选择了弹幕最多的救场方式 #雷神 #复仇者联盟 #漫威 #充能计划,私藏月色i,其他,,能配点间bgm吗,其他,3周前·内蒙古,1,,,一级评论,user_3c7ee1c8e4152e72,2026-09-11T13:41:44+08:00
https://v.douyin.com/VbdgIrHokHM/ 12/04 :5pm XMJ:/ J@V.Lw,7675895658934586664,为什么说那年你雷神叔叔选择了弹幕最多的救场方式 #雷神 #复仇者联盟 #漫威 #充能计划,私藏月色i,其他,,是司空震吗？,其他,1周前·湖北,0,,,一级评论,user_36ded4327c4ef693,2026-09-11T13:41:44+08:00
https://v.douyin.com/VbdgIrHokHM/ 12/04 :5pm XMJ:/ J@V.Lw,7675895658934586664,为什么说那年你雷神叔叔选择了弹幕最多的救场方式 #雷神 #复仇者联盟 #漫威 #充能计划,私藏月色i,其他,,炒人能不能把这个能量吸收了,其他,2周前·山西,0,,,一级评论,user_08fbfe1281b17b0c,2026-09-11T13:41:44+08:00
https://v.douyin.com/VbdgIrHokHM/ 12/04 :5pm XMJ:/ J@V.Lw,7675895658934586664,为什么说那年你雷神叔叔选择了弹幕最多的救场方式 #雷神 #复仇者联盟 #漫威 #充能计划,私藏月色i,其他,,小时候很喜欢看科幻片,其他,2周前·广东,0,,,一级评论,user_0c65657339439940,2026-09-11T13:41:44+08:00
https://v.douyin.com/VbdgIrHokHM/ 12/04 :5pm XMJ:/ J@V.Lw,7675895658934586664,为什么说那年你雷神叔叔选择了弹幕最多的救场方式 #雷神 #复仇者联盟 #漫威 #充能计划,私藏月色i,其他,,FMVP：雷神,其他,2周前·湖北,0,,,一级评论,user_557398b22b52572a,2026-09-11T13:42:06+08:00
https://v.douyin.com/VbdgIrHokHM/ 12/04 :5pm XMJ:/ J@V.Lw,7675895658934586664,为什么说那年你雷神叔叔选择了弹幕最多的救场方式 #雷神 #复仇者联盟 #漫威 #充能计划,私藏月色i,其他,,他是怎么飞过来的？有彩虹桥？,其他,4天前·广东,1,1,,一级评论,user_2517b05f67d4065d,2026-09-11T13:42:06+08:00
https://v.douyin.com/VbdgIrHokHM/ 12/04 :5pm XMJ:/ J@V.Lw,7675895658934586664,为什么说那年你雷神叔叔选择了弹幕最多的救场方式 #雷神 #复仇者联盟 #漫威 #充能计划,私藏月色i,其他,,来点巴西的妞,其他,2周前·河北,0,,,一级评论,,2026-09-11T13:42:06+08:00
https://v.douyin.com/VbdgIrHokHM/ 12/04 :5pm XMJ:/ J@V.Lw,7675895658934586664,为什么说那年你雷神叔叔选择了弹幕最多的救场方式 #雷神 #复仇者联盟 #漫威 #充能计划,私藏月色i,其他,,什么电影,其他,1周前·广东,0,1,,一级评论,user_e6e11fc7baf27ee8,2026-09-11T13:42:06+08:00
https://v.douyin.com/VbdgIrHokHM/ 12/04 :5pm XMJ:/ J@V.Lw,7675895658934586664,为什么说那年你雷神叔叔选择了弹幕最多的救场方式 #雷神 #复仇者联盟 #漫威 #充能计划,私藏月色i,其他,,复仇联盟的所有电影我都看完了,其他,2周前·河北,0,,,一级评论,user_87ad2639d7e51bbb,2026-09-11T13:42:06+08:00
https://v.douyin.com/VbdgIrHokHM/ 12/04 :5pm XMJ:/ J@V.Lw,7675895658934586664,为什么说那年你雷神叔叔选择了弹幕最多的救场方式 #雷神 #复仇者联盟 #漫威 #充能计划,私藏月色i,其他,,mj,其他,1周前·河南,0,,,一级评论,user_86ee8c01efd439e5,2026-09-11T13:42:06+08:00
https://v.douyin.com/VbdgIrHokHM/ 12/04 :5pm XMJ:/ J@V.Lw,7675895658934586664,为什么说那年你雷神叔叔选择了弹幕最多的救场方式 #雷神 #复仇者联盟 #漫威 #充能计划,私藏月色i,其他,,火箭每次出场都扒人肩膀，复四扒罗德的,其他,2周前·广东,0,,,一级评论,user_06c1a36eba6b78a6,2026-09-11T13:42:06+08:00
https://v.douyin.com/VbdgIrHokHM/ 12/04 :5pm XMJ:/ J@V.Lw,7675895658934586664,为什么说那年你雷神叔叔选择了弹幕最多的救场方式 #雷神 #复仇者联盟 #漫威 #充能计划,私藏月色i,其他,,真神和变异的差距,其他,2天前·上海,1,,,一级评论,user_68610ba0bdefb2c4,2026-09-11T13:42:07+08:00
https://v.douyin.com/VbdgIrHokHM/ 12/04 :5pm XMJ:/ J@V.Lw,7675895658934586664,为什么说那年你雷神叔叔选择了弹幕最多的救场方式 #雷神 #复仇者联盟 #漫威 #充能计划,私藏月色i,其他,,好东西不需要藏,其他,1周前·广东,0,,,一级评论,user_b56d52236d23540f,2026-09-11T13:42:07+08:00
https://v.douyin.com/VbdgIrHokHM/ 12/04 :5pm XMJ:/ J@V.Lw,7675895658934586664,为什么说那年你雷神叔叔选择了弹幕最多的救场方式 #雷神 #复仇者联盟 #漫威 #充能计划,私藏月色i,其他,,牙疼的时候我想说 咬牙坚持都做不到,咨询症状,3周前·云南,1,,,一级评论,user_712e248dccf72c94,2026-09-11T13:42:07+08:00
https://v.douyin.com/VbdgIrHokHM/ 12/04 :5pm XMJ:/ J@V.Lw,7675895658934586664,为什么说那年你雷神叔叔选择了弹幕最多的救场方式 #雷神 #复仇者联盟 #漫威 #充能计划,私藏月色i,其他,,雷神是真的帅啊,其他,2周前·江西,0,,,一级评论,user_d09bf0cee161b636,2026-09-11T13:42:28+08:00
https://v.douyin.com/VbdgIrHokHM/ 12/04 :5pm XMJ:/ J@V.Lw,7675895658934586664,为什么说那年你雷神叔叔选择了弹幕最多的救场方式 #雷神 #复仇者联盟 #漫威 #充能计划,私藏月色i,其他,,激素小子启到了什么作用？,其他,1周前·广西,0,4,,一级评论,user_35b59617eef3266e,2026-09-11T13:42:28+08:00
https://v.douyin.com/VbdgIrHokHM/ 12/04 :5pm XMJ:/ J@V.Lw,7675895658934586664,为什么说那年你雷神叔叔选择了弹幕最多的救场方式 #雷神 #复仇者联盟 #漫威 #充能计划,私藏月色i,其他,,为什么抠幻视宝石的时候他不在呢,其他,1天前·福建,0,2,,一级评论,user_a7e3706c25f59183,2026-09-11T13:42:28+08:00
https://v.douyin.com/VbdgIrHokHM/ 12/04 :5pm XMJ:/ J@V.Lw,7675895658934586664,为什么说那年你雷神叔叔选择了弹幕最多的救场方式 #雷神 #复仇者联盟 #漫威 #充能计划,私藏月色i,其他,,当年这里确实帅,其他,1周前·四川,0,,,一级评论,user_2342280aea07ffd5,2026-09-11T13:42:28+08:00
https://v.douyin.com/VbdgIrHokHM/ 12/04 :5pm XMJ:/ J@V.Lw,7675895658934586664,为什么说那年你雷神叔叔选择了弹幕最多的救场方式 #雷神 #复仇者联盟 #漫威 #充能计划,私藏月色i,其他,,《他之前去干什么了》,其他,2周前·北京,0,,,一级评论,user_2bca016e1c14b74f,2026-09-11T13:42:28+08:00
https://v.douyin.com/VbdgIrHokHM/ 12/04 :5pm XMJ:/ J@V.Lw,7675895658934586664,为什么说那年你雷神叔叔选择了弹幕最多的救场方式 #雷神 #复仇者联盟 #漫威 #充能计划,私藏月色i,其他,,m j,其他,1周前·河北,0,,,一级评论,user_20b6890c1adc138f,2026-09-11T13:42:28+08:00
https://v.douyin.com/VbdgIrHokHM/ 12/04 :5pm XMJ:/ J@V.Lw,7675895658934586664,为什么说那年你雷神叔叔选择了弹幕最多的救场方式 #雷神 #复仇者联盟 #漫威 #充能计划,私藏月色i,其他,,我以为打金角巨兽来着,其他,1周前·重庆,0,,,一级评论,user_77e06c39788725a4,2026-09-11T13:42:28+08:00
https://v.douyin.com/VbdgIrHokHM/ 12/04 :5pm XMJ:/ J@V.Lw,7675895658934586664,为什么说那年你雷神叔叔选择了弹幕最多的救场方式 #雷神 #复仇者联盟 #漫威 #充能计划,私藏月色i,其他,,副本快结束了，才发现自己是个法师,其他,2周前·河南,0,,,一级评论,user_ef73b12522576c3b,2026-09-11T13:42:28+08:00
https://v.douyin.com/VbdgIrHokHM/ 12/04 :5pm XMJ:/ J@V.Lw,7675895658934586664,为什么说那年你雷神叔叔选择了弹幕最多的救场方式 #雷神 #复仇者联盟 #漫威 #充能计划,私藏月色i,其他,,还得是法攻,其他,1周前·吉林,0,,,一级评论,user_ca22799f60be5638,2026-09-11T13:42:28+08:00
https://v.douyin.com/VbdgIrHokHM/ 12/04 :5pm XMJ:/ J@V.Lw,7675895658934586664,为什么说那年你雷神叔叔选择了弹幕最多的救场方式 #雷神 #复仇者联盟 #漫威 #充能计划,私藏月色i,其他,,来了个高压电工,其他,2周前·广东,0,,,一级评论,user_537a14d70fc0f8b7,2026-09-11T13:42:28+08:00
https://v.douyin.com/VbdgIrHokHM/ 12/04 :5pm XMJ:/ J@V.Lw,7675895658934586664,为什么说那年你雷神叔叔选择了弹幕最多的救场方式 #雷神 #复仇者联盟 #漫威 #充能计划,私藏月色i,其他,,这是哪部里的 我要去重温 忘记了,其他,2天前·北京,0,2,,一级评论,user_a7a7903fb0cd32e4,2026-09-11T13:42:53+08:00
https://v.douyin.com/VbdgIrHokHM/ 12/04 :5pm XMJ:/ J@V.Lw,7675895658934586664,为什么说那年你雷神叔叔选择了弹幕最多的救场方式 #雷神 #复仇者联盟 #漫威 #充能计划,私藏月色i,其他,,应该让符文王出来的,其他,1周前·江苏,0,,,一级评论,user_acd18509d67abad2,2026-09-11T13:42:53+08:00
https://v.douyin.com/VbdgIrHokHM/ 12/04 :5pm XMJ:/ J@V.Lw,7675895658934586664,为什么说那年你雷神叔叔选择了弹幕最多的救场方式 #雷神 #复仇者联盟 #漫威 #充能计划,私藏月色i,其他,,这个时候纯属buff叠满了,其他,2周前·重庆,0,,,一级评论,user_e779720f47cd4809,2026-09-11T13:42:53+08:00
https://v.douyin.com/VbdgIrHokHM/ 12/04 :5pm XMJ:/ J@V.Lw,7675895658934586664,为什么说那年你雷神叔叔选择了弹幕最多的救场方式 #雷神 #复仇者联盟 #漫威 #充能计划,私藏月色i,其他,,怀念追漫威电影的中学暑假,其他,2周前·河北,0,,,一级评论,user_b3f51125f5bcc6a0,2026-09-11T13:42:53+08:00
https://v.douyin.com/VbdgIrHokHM/ 12/04 :5pm XMJ:/ J@V.Lw,7675895658934586664,为什么说那年你雷神叔叔选择了弹幕最多的救场方式 #雷神 #复仇者联盟 #漫威 #充能计划,私藏月色i,其他,,拉的时候是不是穿帮了？刚开始手是一正一反，后面双手都是反的,其他,2周前·西藏,0,,,一级评论,user_0c9275760286c7ba,2026-09-11T13:42:53+08:00
https://v.douyin.com/VbdgIrHokHM/ 12/04 :5pm XMJ:/ J@V.Lw,7675895658934586664,为什么说那年你雷神叔叔选择了弹幕最多的救场方式 #雷神 #复仇者联盟 #漫威 #充能计划,私藏月色i,其他,,帅炸了,其他,2周前·湖南,0,,,一级评论,user_187dfed0ca96a16c,2026-09-11T13:42:53+08:00
https://v.douyin.com/VbdgIrHokHM/ 12/04 :5pm XMJ:/ J@V.Lw,7675895658934586664,为什么说那年你雷神叔叔选择了弹幕最多的救场方式 #雷神 #复仇者联盟 #漫威 #充能计划,私藏月色i,其他,,开头能不能有点好的创意 动不动就是为什么说 问大家一个问题,其他,2天前·辽宁,0,,,一级评论,user_7e2af9d5b2076e3e,2026-09-11T13:42:53+08:00
https://v.douyin.com/VbdgIrHokHM/ 12/04 :5pm XMJ:/ J@V.Lw,7675895658934586664,为什么说那年你雷神叔叔选择了弹幕最多的救场方式 #雷神 #复仇者联盟 #漫威 #充能计划,私藏月色i,其他,,你的胳膊多少钱,其他,3周前·甘肃,1,,,一级评论,user_f1df3a3a3f66c1d5,2026-09-11T13:42:53+08:00
https://v.douyin.com/VbdgIrHokHM/ 12/04 :5pm XMJ:/ J@V.Lw,7675895658934586664,为什么说那年你雷神叔叔选择了弹幕最多的救场方式 #雷神 #复仇者联盟 #漫威 #充能计划,私藏月色i,其他,,大招清兵,其他,2天前·河南,0,,,一级评论,user_fdf29982ea844bab,2026-09-11T13:42:53+08:00
https://v.douyin.com/VbdgIrHokHM/ 12/04 :5pm XMJ:/ J@V.Lw,7675895658934586664,为什么说那年你雷神叔叔选择了弹幕最多的救场方式 #雷神 #复仇者联盟 #漫威 #充能计划,私藏月色i,其他,,感觉这个作者是弹幕之神,其他,2周前·江苏,0,,,一级评论,user_f56102ddc7fc7d22,2026-09-11T13:43:17+08:00
https://v.douyin.com/VbdgIrHokHM/ 12/04 :5pm XMJ:/ J@V.Lw,7675895658934586664,为什么说那年你雷神叔叔选择了弹幕最多的救场方式 #雷神 #复仇者联盟 #漫威 #充能计划,私藏月色i,其他,,一星霸王龙里面有个三星五费,其他,2周前·安徽,0,,,一级评论,user_106e1503941202c9,2026-09-11T13:43:18+08:00
https://v.douyin.com/VbdgIrHokHM/ 12/04 :5pm XMJ:/ J@V.Lw,7675895658934586664,为什么说那年你雷神叔叔选择了弹幕最多的救场方式 #雷神 #复仇者联盟 #漫威 #充能计划,私藏月色i,其他,,就是不知道第五部的表现会咋样,其他,1周前·湖南,0,,,一级评论,user_4cc012b007a72e02,2026-09-11T13:43:18+08:00
https://v.douyin.com/VbdgIrHokHM/ 12/04 :5pm XMJ:/ J@V.Lw,7675895658934586664,为什么说那年你雷神叔叔选择了弹幕最多的救场方式 #雷神 #复仇者联盟 #漫威 #充能计划,私藏月色i,其他,,真男人,其他,1周前·江苏,0,,,一级评论,user_6040db8f9421f085,2026-09-11T13:43:18+08:00
https://v.douyin.com/VbdgIrHokHM/ 12/04 :5pm XMJ:/ J@V.Lw,7675895658934586664,为什么说那年你雷神叔叔选择了弹幕最多的救场方式 #雷神 #复仇者联盟 #漫威 #充能计划,私藏月色i,其他,,离开了锤子不行啊,其他,2周前·浙江,0,,,一级评论,user_cf490dae2aeff825,2026-09-11T13:43:18+08:00
https://v.douyin.com/VbdgIrHokHM/ 12/04 :5pm XMJ:/ J@V.Lw,7675895658934586664,为什么说那年你雷神叔叔选择了弹幕最多的救场方式 #雷神 #复仇者联盟 #漫威 #充能计划,私藏月色i,其他,,这应该是buff叠满了,其他,1周前·河南,0,,,一级评论,user_897ddc57fd14e26c,2026-09-11T13:43:18+08:00
https://v.douyin.com/VbdgIrHokHM/ 12/04 :5pm XMJ:/ J@V.Lw,7675895658934586664,为什么说那年你雷神叔叔选择了弹幕最多的救场方式 #雷神 #复仇者联盟 #漫威 #充能计划,私藏月色i,其他,,从天而降 太帅了,其他,2周前·广东,1,,,一级评论,user_3bc9a7aae6e522ec,2026-09-11T13:43:18+08:00
https://v.douyin.com/VbdgIrHokHM/ 12/04 :5pm XMJ:/ J@V.Lw,7675895658934586664,为什么说那年你雷神叔叔选择了弹幕最多的救场方式 #雷神 #复仇者联盟 #漫威 #充能计划,私藏月色i,其他,,这个画质，你去现场了,其他,1周前·吉林,0,,,一级评论,user_573b6da22bf9d565,2026-09-11T13:43:18+08:00
https://v.douyin.com/VbdgIrHokHM/ 12/04 :5pm XMJ:/ J@V.Lw,7675895658934586664,为什么说那年你雷神叔叔选择了弹幕最多的救场方式 #雷神 #复仇者联盟 #漫威 #充能计划,私藏月色i,其他,,次次开大清兵打假赛,其他,2周前·江苏,0,,,一级评论,user_ee5793a7b0a634a0,2026-09-11T13:43:18+08:00
https://v.douyin.com/VbdgIrHokHM/ 12/04 :5pm XMJ:/ J@V.Lw,7675895658934586664,为什么说那年你雷神叔叔选择了弹幕最多的救场方式 #雷神 #复仇者联盟 #漫威 #充能计划,私藏月色i,其他,,@•̀ □ •́ 临死触发想爹被动,其他,2周前·山东,0,,,一级评论,user_1b433655c0f019ab,2026-09-11T13:43:18+08:00
https://v.douyin.com/VbdgIrHokHM/ 12/04 :5pm XMJ:/ J@V.Lw,7675895658934586664,为什么说那年你雷神叔叔选择了弹幕最多的救场方式 #雷神 #复仇者联盟 #漫威 #充能计划,私藏月色i,其他,,@siuuu 我一直可讨厌索尔直到这个片段,其他,2周前·美国,0,,,一级评论,user_90e1a374bda18406,2026-09-11T13:43:44+08:00
https://v.douyin.com/VbdgIrHokHM/ 12/04 :5pm XMJ:/ J@V.Lw,7675895658934586664,为什么说那年你雷神叔叔选择了弹幕最多的救场方式 #雷神 #复仇者联盟 #漫威 #充能计划,私藏月色i,其他,,一力破万法,其他,3周前·江苏,3,,,一级评论,user_88afe7ee195e18d8,2026-09-11T13:43:44+08:00
https://v.douyin.com/VbdgIrHokHM/ 12/04 :5pm XMJ:/ J@V.Lw,7675895658934586664,为什么说那年你雷神叔叔选择了弹幕最多的救场方式 #雷神 #复仇者联盟 #漫威 #充能计划,私藏月色i,其他,,唐昊belike,其他,2周前·广东,1,,,一级评论,user_733312956e482e52,2026-09-11T13:43:44+08:00
https://v.douyin.com/VbdgIrHokHM/ 12/04 :5pm XMJ:/ J@V.Lw,7675895658934586664,为什么说那年你雷神叔叔选择了弹幕最多的救场方式 #雷神 #复仇者联盟 #漫威 #充能计划,私藏月色i,其他,,作者赞过,其他,3周前·天津,3,,,一级评论,user_b04daed7ac2b5a8d,2026-09-11T13:43:45+08:00
https://v.douyin.com/VbdgIrHokHM/ 12/04 :5pm XMJ:/ J@V.Lw,7675895658934586664,为什么说那年你雷神叔叔选择了弹幕最多的救场方式 #雷神 #复仇者联盟 #漫威 #充能计划,私藏月色i,其他,,大运来了,其他,4天前·山东,0,,,一级评论,user_15ebb5d17af58715,2026-09-11T13:43:45+08:00
https://v.douyin.com/VbdgIrHokHM/ 12/04 :5pm XMJ:/ J@V.Lw,7675895658934586664,为什么说那年你雷神叔叔选择了弹幕最多的救场方式 #雷神 #复仇者联盟 #漫威 #充能计划,私藏月色i,其他,,@行 唉 我最喜欢的复仇者,其他,2周前·湖北,0,,,一级评论,user_105cf73366d626d3,2026-09-11T13:43:45+08:00
https://v.douyin.com/VbdgIrHokHM/ 12/04 :5pm XMJ:/ J@V.Lw,7675895658934586664,为什么说那年你雷神叔叔选择了弹幕最多的救场方式 #雷神 #复仇者联盟 #漫威 #充能计划,私藏月色i,其他,,大清兵用,其他,2周前·山东,0,,,一级评论,user_8ca1047994abc7cb,2026-09-11T13:43:45+08:00
https://v.douyin.com/VbdgIrHokHM/ 12/04 :5pm XMJ:/ J@V.Lw,7675895658934586664,为什么说那年你雷神叔叔选择了弹幕最多的救场方式 #雷神 #复仇者联盟 #漫威 #充能计划,私藏月色i,其他,,怎么说也是神，,其他,3天前·内蒙古,0,,,一级评论,user_d633dd2e13e1f0d9,2026-09-11T13:43:45+08:00
https://v.douyin.com/VbdgIrHokHM/ 12/04 :5pm XMJ:/ J@V.Lw,7675895658934586664,为什么说那年你雷神叔叔选择了弹幕最多的救场方式 #雷神 #复仇者联盟 #漫威 #充能计划,私藏月色i,其他,,复活钢铁跌,其他,2周前·河南,0,,,一级评论,user_a0d07b94b4038265,2026-09-11T13:43:45+08:00
https://v.douyin.com/VbdgIrHokHM/ 12/04 :5pm XMJ:/ J@V.Lw,7675895658934586664,为什么说那年你雷神叔叔选择了弹幕最多的救场方式 #雷神 #复仇者联盟 #漫威 #充能计划,私藏月色i,其他,,最强的爷们,其他,1周前·山东,0,,,一级评论,user_fe231bca6379d771,2026-09-11T13:43:45+08:00
https://v.douyin.com/VbdgIrHokHM/ 12/04 :5pm XMJ:/ J@V.Lw,7675895658934586664,为什么说那年你雷神叔叔选择了弹幕最多的救场方式 #雷神 #复仇者联盟 #漫威 #充能计划,私藏月色i,其他,,我超爱火箭火箭火箭火箭火箭火箭,其他,1周前·浙江,0,,,一级评论,user_c03f076bde733695,2026-09-11T13:44:11+08:00
https://v.douyin.com/VbdgIrHokHM/ 12/04 :5pm XMJ:/ J@V.Lw,7675895658934586664,为什么说那年你雷神叔叔选择了弹幕最多的救场方式 #雷神 #复仇者联盟 #漫威 #充能计划,私藏月色i,其他,,开无双了,其他,2周前·浙江,0,,,一级评论,user_253ce4ed867d906c,2026-09-11T13:44:11+08:00
https://v.douyin.com/VbdgIrHokHM/ 12/04 :5pm XMJ:/ J@V.Lw,7675895658934586664,为什么说那年你雷神叔叔选择了弹幕最多的救场方式 #雷神 #复仇者联盟 #漫威 #充能计划,私藏月色i,其他,,给我来一期不用弹幕的,其他,2周前·江苏,1,,,一级评论,user_caff980f9c90f322,2026-09-11T13:44:11+08:00
https://v.douyin.com/VbdgIrHokHM/ 12/04 :5pm XMJ:/ J@V.Lw,7675895658934586664,为什么说那年你雷神叔叔选择了弹幕最多的救场方式 #雷神 #复仇者联盟 #漫威 #充能计划,私藏月色i,其他,,@kolo 去imax看不敢想多爽,其他,1周前·天津,0,,,一级评论,user_e01d6cccdedbd598,2026-09-11T13:44:11+08:00
https://v.douyin.com/VbdgIrHokHM/ 12/04 :5pm XMJ:/ J@V.Lw,7675895658934586664,为什么说那年你雷神叔叔选择了弹幕最多的救场方式 #雷神 #复仇者联盟 #漫威 #充能计划,私藏月色i,其他,,爷们！,其他,1周前·云南,0,,,一级评论,user_f2231fecf2bcd8f7,2026-09-11T13:44:11+08:00
https://v.douyin.com/VbdgIrHokHM/ 12/04 :5pm XMJ:/ J@V.Lw,7675895658934586664,为什么说那年你雷神叔叔选择了弹幕最多的救场方式 #雷神 #复仇者联盟 #漫威 #充能计划,私藏月色i,其他,,近战法师,其他,2周前·辽宁,0,,,一级评论,user_63b73fb3125ae200,2026-09-11T13:44:11+08:00
https://v.douyin.com/VbdgIrHokHM/ 12/04 :5pm XMJ:/ J@V.Lw,7675895658934586664,为什么说那年你雷神叔叔选择了弹幕最多的救场方式 #雷神 #复仇者联盟 #漫威 #充能计划,私藏月色i,其他,,雷震子大招清兵,其他,2天前·河南,0,,,一级评论,user_b6443aac7ccff74a,2026-09-11T13:44:11+08:00
https://v.douyin.com/VbdgIrHokHM/ 12/04 :5pm XMJ:/ J@V.Lw,7675895658934586664,为什么说那年你雷神叔叔选择了弹幕最多的救场方式 #雷神 #复仇者联盟 #漫威 #充能计划,私藏月色i,其他,,司空震啊,其他,5天前·辽宁,0,,,一级评论,user_dc457184bb2796f0,2026-09-11T13:44:11+08:00
https://v.douyin.com/VbdgIrHokHM/ 12/04 :5pm XMJ:/ J@V.Lw,7675895658934586664,为什么说那年你雷神叔叔选择了弹幕最多的救场方式 #雷神 #复仇者联盟 #漫威 #充能计划,私藏月色i,其他,,上来就开大招，牛掰,其他,1周前·新疆,0,,,一级评论,user_a41ae4795b5b3a81,2026-09-11T13:44:12+08:00
https://v.douyin.com/VbdgIrHokHM/ 12/04 :5pm XMJ:/ J@V.Lw,7675895658934586664,为什么说那年你雷神叔叔选择了弹幕最多的救场方式 #雷神 #复仇者联盟 #漫威 #充能计划,私藏月色i,其他,,@我是神里绫华的狗 最强复仇者,其他,3天前·重庆,1,,,一级评论,user_b8363f1279d9e71e,2026-09-11T13:44:38+08:00
https://v.douyin.com/VbdgIrHokHM/ 12/04 :5pm XMJ:/ J@V.Lw,7675895658934586664,为什么说那年你雷神叔叔选择了弹幕最多的救场方式 #雷神 #复仇者联盟 #漫威 #充能计划,私藏月色i,其他,,@芝士雪豹（战狼粉丝版） @比奇堡艺术家 拉闸那下真的帅,其他,3天前·广东,1,,,一级评论,user_77f7e85583d5e0a6,2026-09-11T13:44:38+08:00
https://v.douyin.com/VbdgIrHokHM/ 12/04 :5pm XMJ:/ J@V.Lw,7675895658934586664,为什么说那年你雷神叔叔选择了弹幕最多的救场方式 #雷神 #复仇者联盟 #漫威 #充能计划,私藏月色i,其他,,@三明治,其他,1周前·吉林,0,,,一级评论,user_33c68a3918bbbc1e,2026-09-11T13:44:38+08:00
https://v.douyin.com/VbdgIrHokHM/ 12/04 :5pm XMJ:/ J@V.Lw,7675895658934586664,为什么说那年你雷神叔叔选择了弹幕最多的救场方式 #雷神 #复仇者联盟 #漫威 #充能计划,私藏月色i,其他,,哦豁太赞了,其他,6天前·福建,0,,,一级评论,user_36309b6a0393089a,2026-09-11T13:44:38+08:00
https://v.douyin.com/VbdgIrHokHM/ 12/04 :5pm XMJ:/ J@V.Lw,7675895658934586664,为什么说那年你雷神叔叔选择了弹幕最多的救场方式 #雷神 #复仇者联盟 #漫威 #充能计划,私藏月色i,其他,,这个矮人是不是权游里面那个？,其他,2周前·广东,0,,,一级评论,user_f15294f4fffdea16,2026-09-11T13:44:38+08:00
https://v.douyin.com/VbdgIrHokHM/ 12/04 :5pm XMJ:/ J@V.Lw,7675895658934586664,为什么说那年你雷神叔叔选择了弹幕最多的救场方式 #雷神 #复仇者联盟 #漫威 #充能计划,私藏月色i,其他,,爷们,其他,6天前·贵州,0,,,一级评论,user_fd9809480f777674,2026-09-11T13:44:38+08:00
https://v.douyin.com/VbdgIrHokHM/ 12/04 :5pm XMJ:/ J@V.Lw,7675895658934586664,为什么说那年你雷神叔叔选择了弹幕最多的救场方式 #雷神 #复仇者联盟 #漫威 #充能计划,私藏月色i,其他,,神临,其他,2周前·海南,0,,,一级评论,user_4406483094efd690,2026-09-11T13:44:38+08:00
https://v.douyin.com/VbdgIrHokHM/ 12/04 :5pm XMJ:/ J@V.Lw,7675895658934586664,为什么说那年你雷神叔叔选择了弹幕最多的救场方式 #雷神 #复仇者联盟 #漫威 #充能计划,私藏月色i,其他,,眼睛怎么好了,其他,2周前·河南,0,,,一级评论,user_7d8459d03d17f2b9,2026-09-11T13:44:38+08:00
https://v.douyin.com/VbdgIrHokHM/ 12/04 :5pm XMJ:/ J@V.Lw,7675895658934586664,为什么说那年你雷神叔叔选择了弹幕最多的救场方式 #雷神 #复仇者联盟 #漫威 #充能计划,私藏月色i,其他,,天天弹幕 弹幕的,其他,1周前·广东,0,,,一级评论,user_1ed849fda9153843,2026-09-11T13:44:38+08:00
https://v.douyin.com/VbdgIrHokHM/ 12/04 :5pm XMJ:/ J@V.Lw,7675895658934586664,为什么说那年你雷神叔叔选择了弹幕最多的救场方式 #雷神 #复仇者联盟 #漫威 #充能计划,私藏月色i,其他,,雷神是不是去世了,其他,11小时前·江苏,0,1,,一级评论,user_c68dfe450024dac6,2026-09-11T13:45:00+08:00
https://v.douyin.com/VbdgIrHokHM/ 12/04 :5pm XMJ:/ J@V.Lw,7675895658934586664,为什么说那年你雷神叔叔选择了弹幕最多的救场方式 #雷神 #复仇者联盟 #漫威 #充能计划,私藏月色i,其他,,大蹦！,其他,1周前·山东,0,,,一级评论,user_9f24eed05a112cf6,2026-09-11T13:45:05+08:00
https://v.douyin.com/VbdgIrHokHM/ 12/04 :5pm XMJ:/ J@V.Lw,7675895658934586664,为什么说那年你雷神叔叔选择了弹幕最多的救场方式 #雷神 #复仇者联盟 #漫威 #充能计划,私藏月色i,其他,,多推,其他,1周前·山东,0,,,一级评论,user_2c841d498a54ee15,2026-09-11T13:45:05+08:00
https://v.douyin.com/VbdgIrHokHM/ 12/04 :5pm XMJ:/ J@V.Lw,7675895658934586664,为什么说那年你雷神叔叔选择了弹幕最多的救场方式 #雷神 #复仇者联盟 #漫威 #充能计划,私藏月色i,其他,,@,其他,2周前·陕西,0,,,一级评论,user_6f254ef2d0d3d51f,2026-09-11T13:45:05+08:00
https://v.douyin.com/VbdgIrHokHM/ 12/04 :5pm XMJ:/ J@V.Lw,7675895658934586664,为什么说那年你雷神叔叔选择了弹幕最多的救场方式 #雷神 #复仇者联盟 #漫威 #充能计划,私藏月色i,其他,,饿啊,其他,2天前·河南,0,,,一级评论,user_5893dc528d8c5eb0,2026-09-11T13:45:05+08:00
https://v.douyin.com/VbdgIrHokHM/ 12/04 :5pm XMJ:/ J@V.Lw,7675895658934586664,为什么说那年你雷神叔叔选择了弹幕最多的救场方式 #雷神 #复仇者联盟 #漫威 #充能计划,私藏月色i,其他,,@︠︠︠ 很帅,其他,2周前·江苏,1,,,一级评论,user_de6364f0924d91ad,2026-09-11T13:45:05+08:00
https://v.douyin.com/VbdgIrHokHM/ 12/04 :5pm XMJ:/ J@V.Lw,7675895658934586664,为什么说那年你雷神叔叔选择了弹幕最多的救场方式 #雷神 #复仇者联盟 #漫威 #充能计划,私藏月色i,其他,,@陈泽- 泽哥 我想要刀皮,其他,2天前·河南,0,,,一级评论,user_606e92a13eb46d91,2026-09-11T13:45:05+08:00
https://v.douyin.com/VbdgIrHokHM/ 12/04 :5pm XMJ:/ J@V.Lw,7675895658934586664,为什么说那年你雷神叔叔选择了弹幕最多的救场方式 #雷神 #复仇者联盟 #漫威 #充能计划,私藏月色i,其他,,@苍桧 @horchyx22 @世合年 三巨头最强之人,其他,2周前·云南,0,,,一级评论,user_eb0796d05e9bda19,2026-09-11T13:45:05+08:00
https://v.douyin.com/VbdgIrHokHM/ 12/04 :5pm XMJ:/ J@V.Lw,7675895658934586664,为什么说那年你雷神叔叔选择了弹幕最多的救场方式 #雷神 #复仇者联盟 #漫威 #充能计划,私藏月色i,其他,,去别人底盘杀一半，事后一个响指又灭一半这特么叫公平？,其他,2周前·广东,0,,,一级评论,user_546fb168cbb709de,2026-09-11T13:45:35+08:00
https://v.douyin.com/VbdgIrHokHM/ 12/04 :5pm XMJ:/ J@V.Lw,7675895658934586664,为什么说那年你雷神叔叔选择了弹幕最多的救场方式 #雷神 #复仇者联盟 #漫威 #充能计划,私藏月色i,其他,,"李憬轩，失踪年龄:10岁，身高134cm。
于2022年7月15日失踪于:重庆市南岸区大兴场码头盲区。
特征:左肩甲后背有指甲盖大小肉色胎记，头顶中间有黑痣。
希望宝贝平安回家 你的妈妈在等你 ，我不是那个妈妈，如果好心人看见了帮忙，(我是转发的第295个)麻烦帮忙顶一下",其他,2周前·山东,0,,,一级评论,user_3caa4ce7155ffbfe,2026-09-11T13:46:02+08:00
https://v.douyin.com/VbdgIrHokHM/ 12/04 :5pm XMJ:/ J@V.Lw,7675895658934586664,为什么说那年你雷神叔叔选择了弹幕最多的救场方式 #雷神 #复仇者联盟 #漫威 #充能计划,私藏月色i,其他,,@JR11 @xy雨,其他,2周前·广东,0,,,一级评论,user_a9b59bc8b99e04e8,2026-09-11T13:46:31+08:00
https://v.douyin.com/VbdgIrHokHM/ 12/04 :5pm XMJ:/ J@V.Lw,7675895658934586664,为什么说那年你雷神叔叔选择了弹幕最多的救场方式 #雷神 #复仇者联盟 #漫威 #充能计划,私藏月色i,其他,,@落坨翔子,其他,2周前·四川,0,,,一级评论,user_eec59722ed20e126,2026-09-11T13:47:01+08:00
https://v.douyin.com/VbdgIrHokHM/ 12/04 :5pm XMJ:/ J@V.Lw,7675895658934586664,为什么说那年你雷神叔叔选择了弹幕最多的救场方式 #雷神 #复仇者联盟 #漫威 #充能计划,私藏月色i,其他,,没救骂雷神都来了,其他,2周前·江苏,0,,,一级评论,user_d15b8259c08f1796,2026-09-11T13:47:01+08:00
https://v.douyin.com/VbdgIrHokHM/ 12/04 :5pm XMJ:/ J@V.Lw,7675895658934586664,为什么说那年你雷神叔叔选择了弹幕最多的救场方式 #雷神 #复仇者联盟 #漫威 #充能计划,私藏月色i,其他,,按道理雷神的机制和数值，都应该是复仇者里面最高的才对，可惜了,其他,2周前·贵州,0,,,一级评论,user_de22b9d2f658c87f,2026-09-11T13:47:30+08:00
https://v.douyin.com/VbdgIrHokHM/ 12/04 :5pm XMJ:/ J@V.Lw,7675895658934586664,为什么说那年你雷神叔叔选择了弹幕最多的救场方式 #雷神 #复仇者联盟 #漫威 #充能计划,私藏月色i,其他,,@底片 雷神史诗级二头弯举,其他,2周前·吉林,0,,,一级评论,user_a5568849465c4e0f,2026-09-11T13:47:30+08:00
https://v.douyin.com/VbdgIrHokHM/ 12/04 :5pm XMJ:/ J@V.Lw,7675895658934586664,为什么说那年你雷神叔叔选择了弹幕最多的救场方式 #雷神 #复仇者联盟 #漫威 #充能计划,私藏月色i,其他,,我想礼貌问个问题啊，惊奇队长能把托尼从离地球这么远的地方送过来，那说明惊奇队长飞行速度很快，但复联四为什么惊奇队长要把手套传回其他时空，飞行速度还没有灭霸的武器快能被灭霸的武器丢出去打断？（别喷好不好真不懂）,其他,2周前·河南,0,6,,一级评论,user_c962c5275ecc87a1,2026-09-11T13:47:30+08:00
https://v.douyin.com/VbdgIrHokHM/ 12/04 :5pm XMJ:/ J@V.Lw,7675895658934586664,为什么说那年你雷神叔叔选择了弹幕最多的救场方式 #雷神 #复仇者联盟 #漫威 #充能计划,私藏月色i,其他,,@多次婉拒李庚希,其他,2周前·江苏,0,1,,一级评论,user_12967152327b2fb0,2026-09-11T13:48:00+08:00
https://v.douyin.com/VbdgIrHokHM/ 12/04 :5pm XMJ:/ J@V.Lw,7675895658934586664,为什么说那年你雷神叔叔选择了弹幕最多的救场方式 #雷神 #复仇者联盟 #漫威 #充能计划,私藏月色i,其他,,就是去错星球了,其他,2周前·广东,0,,,一级评论,user_f476ebf19ebcb349,2026-09-11T13:48:00+08:00
https://v.douyin.com/VbdgIrHokHM/ 12/04 :5pm XMJ:/ J@V.Lw,7675895658934586664,为什么说那年你雷神叔叔选择了弹幕最多的救场方式 #雷神 #复仇者联盟 #漫威 #充能计划,私藏月色i,其他,,雷神一点机制都没有，纯数值怪,其他,2周前·浙江,0,,,一级评论,user_6c62e426f9633294,2026-09-11T13:48:00+08:00
https://v.douyin.com/VbdgIrHokHM/ 12/04 :5pm XMJ:/ J@V.Lw,7675895658934586664,为什么说那年你雷神叔叔选择了弹幕最多的救场方式 #雷神 #复仇者联盟 #漫威 #充能计划,私藏月色i,其他,,不是不是眼睛怎么恢复的？,其他,2周前·广东,0,5,,一级评论,user_5195210c8c35a552,2026-09-11T13:48:00+08:00
https://v.douyin.com/VbdgIrHokHM/ 12/04 :5pm XMJ:/ J@V.Lw,7675895658934586664,为什么说那年你雷神叔叔选择了弹幕最多的救场方式 #雷神 #复仇者联盟 #漫威 #充能计划,私藏月色i,其他,,奇迹雷神还在刷野,其他,2周前·广东,0,,,一级评论,user_21176ad7d53c00fc,2026-09-11T13:48:00+08:00
https://v.douyin.com/VbdgIrHokHM/ 12/04 :5pm XMJ:/ J@V.Lw,7675895658934586664,为什么说那年你雷神叔叔选择了弹幕最多的救场方式 #雷神 #复仇者联盟 #漫威 #充能计划,私藏月色i,其他,,“你因该砍头的”,其他,2周前·四川,0,,,一级评论,user_7b6b5fb553f293ec,2026-09-11T13:48:00+08:00
https://v.douyin.com/VbdgIrHokHM/ 12/04 :5pm XMJ:/ J@V.Lw,7675895658934586664,为什么说那年你雷神叔叔选择了弹幕最多的救场方式 #雷神 #复仇者联盟 #漫威 #充能计划,私藏月色i,其他,,毁灭硕士：谁,其他,2周前·江苏,0,,,一级评论,user_2c98a5ce1a6bb87c,2026-09-11T13:48:00+08:00
https://v.douyin.com/VbdgIrHokHM/ 12/04 :5pm XMJ:/ J@V.Lw,7675895658934586664,为什么说那年你雷神叔叔选择了弹幕最多的救场方式 #雷神 #复仇者联盟 #漫威 #充能计划,私藏月色i,其他,,后面把幻视，浩克弱化就有点过分了！按照实力，惊奇，古一，幻视，旺达，雷神，浩克这都一梯队！,其他,2周前·陕西,0,,,一级评论,user_e23bdbda32405c34,2026-09-11T13:48:01+08:00
https://v.douyin.com/VbdgIrHokHM/ 12/04 :5pm XMJ:/ J@V.Lw,7675895658934586664,为什么说那年你雷神叔叔选择了弹幕最多的救场方式 #雷神 #复仇者联盟 #漫威 #充能计划,私藏月色i,其他,,带着一只干脆面和一只树杈子就上了,其他,2周前·北京,0,,,一级评论,user_a7e4426851fb0aa2,2026-09-11T13:48:01+08:00
https://v.douyin.com/VbdgIrHokHM/ 12/04 :5pm XMJ:/ J@V.Lw,7675895658934586664,为什么说那年你雷神叔叔选择了弹幕最多的救场方式 #雷神 #复仇者联盟 #漫威 #充能计划,私藏月色i,其他,,衣服质量真好，竟然没烧掉,其他,2周前·云南,0,,,一级评论,user_a3bdf6d11f9b988e,2026-09-11T13:48:01+08:00
https://v.douyin.com/VbdgIrHokHM/ 12/04 :5pm XMJ:/ J@V.Lw,7675895658934586664,为什么说那年你雷神叔叔选择了弹幕最多的救场方式 #雷神 #复仇者联盟 #漫威 #充能计划,私藏月色i,其他,,感觉雷神是最强的复仇者,其他,2周前·四川,0,,,一级评论,user_b212a53b17c3eb65,2026-09-11T13:48:34+08:00
https://v.douyin.com/VbdgIrHokHM/ 12/04 :5pm XMJ:/ J@V.Lw,7675895658934586664,为什么说那年你雷神叔叔选择了弹幕最多的救场方式 #雷神 #复仇者联盟 #漫威 #充能计划,私藏月色i,其他,,压力MVP的都来了,其他,2周前·浙江,0,,,一级评论,user_b99677d026d43a9c,2026-09-11T13:48:34+08:00
https://v.douyin.com/VbdgIrHokHM/ 12/04 :5pm XMJ:/ J@V.Lw,7675895658934586664,为什么说那年你雷神叔叔选择了弹幕最多的救场方式 #雷神 #复仇者联盟 #漫威 #充能计划,私藏月色i,其他,,杀了一半矮人星，为啥直接废了,其他,2周前·江苏,0,,,一级评论,user_f727eaec00d405bf,2026-09-11T13:48:34+08:00
https://v.douyin.com/VbdgIrHokHM/ 12/04 :5pm XMJ:/ J@V.Lw,7675895658934586664,为什么说那年你雷神叔叔选择了弹幕最多的救场方式 #雷神 #复仇者联盟 #漫威 #充能计划,私藏月色i,其他,,就是没砍头，新版本武器太强后面就被削了,其他,2周前·湖北,0,,,一级评论,user_cef2692f5ca0f3de,2026-09-11T13:48:34+08:00
https://v.douyin.com/VbdgIrHokHM/ 12/04 :5pm XMJ:/ J@V.Lw,7675895658934586664,为什么说那年你雷神叔叔选择了弹幕最多的救场方式 #雷神 #复仇者联盟 #漫威 #充能计划,私藏月色i,其他,,其实惊奇队长救场也是帅爆了好,其他,2周前·山西,0,,,一级评论,user_5a4a4a795179eecd,2026-09-11T13:48:34+08:00
https://v.douyin.com/VbdgIrHokHM/ 12/04 :5pm XMJ:/ J@V.Lw,7675895658934586664,为什么说那年你雷神叔叔选择了弹幕最多的救场方式 #雷神 #复仇者联盟 #漫威 #充能计划,私藏月色i,其他,,@こしょう,其他,2周前·河南,0,,,一级评论,user_e7b391f079e5e32b,2026-09-11T13:48:34+08:00
https://v.douyin.com/VbdgIrHokHM/ 12/04 :5pm XMJ:/ J@V.Lw,7675895658934586664,为什么说那年你雷神叔叔选择了弹幕最多的救场方式 #雷神 #复仇者联盟 #漫威 #充能计划,私藏月色i,其他,,为啥金发变黑了？造斧头的时候被烧黑了,其他,2周前·江苏,0,,,一级评论,user_44f1ee48a93583f4,2026-09-11T13:48:34+08:00
https://v.douyin.com/VbdgIrHokHM/ 12/04 :5pm XMJ:/ J@V.Lw,7675895658934586664,为什么说那年你雷神叔叔选择了弹幕最多的救场方式 #雷神 #复仇者联盟 #漫威 #充能计划,私藏月色i,其他,,爷们,其他,2周前·甘肃,0,,,一级评论,user_f9aa0c5552d48237,2026-09-11T13:48:34+08:00
https://v.douyin.com/VbdgIrHokHM/ 12/04 :5pm XMJ:/ J@V.Lw,7675895658934586664,为什么说那年你雷神叔叔选择了弹幕最多的救场方式 #雷神 #复仇者联盟 #漫威 #充能计划,私藏月色i,其他,,其实当时那一斧头对准头去劈，就赢了，可惜导演不让,其他,2周前·新疆,0,,,一级评论,user_ee91fbafb0dbd79d,2026-09-11T13:48:34+08:00
https://v.douyin.com/VbdgIrHokHM/ 12/04 :5pm XMJ:/ J@V.Lw,7675895658934586664,为什么说那年你雷神叔叔选择了弹幕最多的救场方式 #雷神 #复仇者联盟 #漫威 #充能计划,私藏月色i,其他,,雷神刷小兵真是太帅了，一次在阿斯加德从天而降，一次在这里从天而降,其他,2周前·河北,0,,,一级评论,user_99409fbeac0ebb5b,2026-09-11T13:48:34+08:00
https://v.douyin.com/VbdgIrHokHM/ 12/04 :5pm XMJ:/ J@V.Lw,7675895658934586664,为什么说那年你雷神叔叔选择了弹幕最多的救场方式 #雷神 #复仇者联盟 #漫威 #充能计划,私藏月色i,其他,,雷子以前就是干这行的,其他,2周前·广东,0,,,一级评论,user_44e4fac819e21b8f,2026-09-11T13:49:15+08:00
https://v.douyin.com/VbdgIrHokHM/ 12/04 :5pm XMJ:/ J@V.Lw,7675895658934586664,为什么说那年你雷神叔叔选择了弹幕最多的救场方式 #雷神 #复仇者联盟 #漫威 #充能计划,私藏月色i,其他,,为了北方神的荣耀！！！,其他,2周前·内蒙古,0,,,一级评论,user_4c01ca5c03e1f1ea,2026-09-11T13:49:15+08:00
https://v.douyin.com/VbdgIrHokHM/ 12/04 :5pm XMJ:/ J@V.Lw,7675895658934586664,为什么说那年你雷神叔叔选择了弹幕最多的救场方式 #雷神 #复仇者联盟 #漫威 #充能计划,私藏月色i,其他,,所以为什么不送带着宝石的洛基去地球，送浩克回去？,其他,2周前·吉林,0,2,,一级评论,user_5a0e047793526b9a,2026-09-11T13:49:15+08:00
https://v.douyin.com/VbdgIrHokHM/ 12/04 :5pm XMJ:/ J@V.Lw,7675895658934586664,为什么说那年你雷神叔叔选择了弹幕最多的救场方式 #雷神 #复仇者联盟 #漫威 #充能计划,私藏月色i,其他,,别扯，中子星能量束温度最多十亿度，数千亿度雷神直接就变成等离子体了。说白了，雷神只是个外星人，归根到底只是血肉之躯。,其他,2周前·江西,0,2,,一级评论,user_3468e2b669d23c49,2026-09-11T13:49:15+08:00
https://v.douyin.com/VbdgIrHokHM/ 12/04 :5pm XMJ:/ J@V.Lw,7675895658934586664,为什么说那年你雷神叔叔选择了弹幕最多的救场方式 #雷神 #复仇者联盟 #漫威 #充能计划,私藏月色i,其他,,洛基后来复活了吗？,其他,2周前·黑龙江,0,1,,一级评论,user_2f96887e9aca594a,2026-09-11T13:49:15+08:00
https://v.douyin.com/VbdgIrHokHM/ 12/04 :5pm XMJ:/ J@V.Lw,7675895658934586664,为什么说那年你雷神叔叔选择了弹幕最多的救场方式 #雷神 #复仇者联盟 #漫威 #充能计划,私藏月色i,其他,,那时候的索尔的右眼干嘛了？,其他,2周前·广东,0,2,,一级评论,user_4a3412e1c97ab341,2026-09-11T13:49:15+08:00
https://v.douyin.com/VbdgIrHokHM/ 12/04 :5pm XMJ:/ J@V.Lw,7675895658934586664,为什么说那年你雷神叔叔选择了弹幕最多的救场方式 #雷神 #复仇者联盟 #漫威 #充能计划,私藏月色i,其他,,打团没ADC真不行战争机器让切了只能等凯南进场,其他,2周前·黑龙江,0,,,一级评论,user_de5f7fb56329606c,2026-09-11T13:49:15+08:00
https://v.douyin.com/VbdgIrHokHM/ 12/04 :5pm XMJ:/ J@V.Lw,7675895658934586664,为什么说那年你雷神叔叔选择了弹幕最多的救场方式 #雷神 #复仇者联盟 #漫威 #充能计划,私藏月色i,其他,,你喵喵锤 只要被认可了就雷神之力的使用权 而风暴战斧 只有你雷神才能用,其他,2周前·江西,0,,,一级评论,user_d11182feb45ae28f,2026-09-11T13:49:48+08:00
https://v.douyin.com/VbdgIrHokHM/ 12/04 :5pm XMJ:/ J@V.Lw,7675895658934586664,为什么说那年你雷神叔叔选择了弹幕最多的救场方式 #雷神 #复仇者联盟 #漫威 #充能计划,私藏月色i,其他,,众神之父赐予我视野,其他,2周前·江西,0,,,一级评论,user_fac20af6db9614bc,2026-09-11T13:49:48+08:00
https://v.douyin.com/VbdgIrHokHM/ 12/04 :5pm XMJ:/ J@V.Lw,7675895658934586664,为什么说那年你雷神叔叔选择了弹幕最多的救场方式 #雷神 #复仇者联盟 #漫威 #充能计划,私藏月色i,其他,,六神司空震开狂暴带着他的中射杀进来了,其他,2周前·湖南,0,,,一级评论,user_3da013755b542a20,2026-09-11T13:49:48+08:00
https://v.douyin.com/VbdgIrHokHM/ 12/04 :5pm XMJ:/ J@V.Lw,7675895658934586664,为什么说那年你雷神叔叔选择了弹幕最多的救场方式 #雷神 #复仇者联盟 #漫威 #充能计划,私藏月色i,其他,,短发胡子雷是最帅的有感觉吗,其他,2周前·浙江,0,,,一级评论,user_daf079eff8d88278,2026-09-11T13:49:48+08:00
https://v.douyin.com/VbdgIrHokHM/ 12/04 :5pm XMJ:/ J@V.Lw,7675895658934586664,为什么说那年你雷神叔叔选择了弹幕最多的救场方式 #雷神 #复仇者联盟 #漫威 #充能计划,私藏月色i,其他,,@猫爬架 @norui @Eternal. @颖ᵏ @114514,其他,2周前·安徽,0,,,一级评论,user_f31b8cbd6135f621,2026-09-11T13:49:49+08:00
https://v.douyin.com/VbdgIrHokHM/ 12/04 :5pm XMJ:/ J@V.Lw,7675895658934586664,为什么说那年你雷神叔叔选择了弹幕最多的救场方式 #雷神 #复仇者联盟 #漫威 #充能计划,私藏月色i,其他,,仇恨加暴风战斧，灭霸不打响指跟雷神对拼……感觉灭霸打不过,其他,2周前·上海,0,,,一级评论,user_d0b2e6921249280b,2026-09-11T13:49:49+08:00
https://v.douyin.com/VbdgIrHokHM/ 12/04 :5pm XMJ:/ J@V.Lw,7675895658934586664,为什么说那年你雷神叔叔选择了弹幕最多的救场方式 #雷神 #复仇者联盟 #漫威 #充能计划,私藏月色i,其他,,多推。,其他,2周前·广东,0,,,一级评论,user_2b68d102fe2a53b5,2026-09-11T13:49:49+08:00
https://v.douyin.com/VbdgIrHokHM/ 12/04 :5pm XMJ:/ J@V.Lw,7675895658934586664,为什么说那年你雷神叔叔选择了弹幕最多的救场方式 #雷神 #复仇者联盟 #漫威 #充能计划,私藏月色i,其他,,你把人家国家都干没了，弟弟也杀了，雷子能不复仇嘛,其他,2周前·北京,0,,,一级评论,user_1a49d06e8ba07192,2026-09-11T13:49:49+08:00
https://v.douyin.com/VbdgIrHokHM/ 12/04 :5pm XMJ:/ J@V.Lw,7675895658934586664,为什么说那年你雷神叔叔选择了弹幕最多的救场方式 #雷神 #复仇者联盟 #漫威 #充能计划,私藏月色i,其他,,来几架飞机都能把杂兵清完,其他,2周前·浙江,0,,,一级评论,user_8b203b4a2f29416d,2026-09-11T13:49:49+08:00
https://v.douyin.com/VbdgIrHokHM/ 12/04 :5pm XMJ:/ J@V.Lw,7675895658934586664,为什么说那年你雷神叔叔选择了弹幕最多的救场方式 #雷神 #复仇者联盟 #漫威 #充能计划,私藏月色i,其他,,复联4就被削了,其他,2周前·云南,0,,,一级评论,user_21577d886ce52ec2,2026-09-11T13:49:49+08:00
https://v.douyin.com/VbdgIrHokHM/ 12/04 :5pm XMJ:/ J@V.Lw,7675895658934586664,为什么说那年你雷神叔叔选择了弹幕最多的救场方式 #雷神 #复仇者联盟 #漫威 #充能计划,私藏月色i,其他,,被动技能想爹@思緒 @痛失超算 @等花落 @旺仔周瑜 @清. @Yyyyy @鲸落 @0615 @点击填写名字 @想与你共看海 @额啊 @喏 @如果可以,咨询症状,2周前·河北,0,,,一级评论,user_80e48614c321d3c1,2026-09-11T13:50:20+08:00
https://v.douyin.com/VbdgIrHokHM/ 12/04 :5pm XMJ:/ J@V.Lw,7675895658934586664,为什么说那年你雷神叔叔选择了弹幕最多的救场方式 #雷神 #复仇者联盟 #漫威 #充能计划,私藏月色i,其他,,二转法师,其他,2周前·上海,0,,,一级评论,user_31cf7fb49a48d49c,2026-09-11T13:50:20+08:00
https://v.douyin.com/VbdgIrHokHM/ 12/04 :5pm XMJ:/ J@V.Lw,7675895658934586664,为什么说那年你雷神叔叔选择了弹幕最多的救场方式 #雷神 #复仇者联盟 #漫威 #充能计划,私藏月色i,其他,,可惜了，奥丁、古一全死了,其他,2周前·河北,0,,,一级评论,user_3d16c1c91e066256,2026-09-11T13:50:20+08:00
https://v.douyin.com/VbdgIrHokHM/ 12/04 :5pm XMJ:/ J@V.Lw,7675895658934586664,为什么说那年你雷神叔叔选择了弹幕最多的救场方式 #雷神 #复仇者联盟 #漫威 #充能计划,私藏月色i,其他,,漫威一个复联4我们谈了7年,其他,2周前·江苏,0,,,一级评论,user_cd2fefe9ae734037,2026-09-11T13:50:20+08:00
https://v.douyin.com/VbdgIrHokHM/ 12/04 :5pm XMJ:/ J@V.Lw,7675895658934586664,为什么说那年你雷神叔叔选择了弹幕最多的救场方式 #雷神 #复仇者联盟 #漫威 #充能计划,私藏月色i,其他,,因为雷神把漫威X战警前前后后都看了,其他,2周前·河南,0,,,一级评论,user_f371d8002edf60ad,2026-09-11T13:50:20+08:00
https://v.douyin.com/VbdgIrHokHM/ 12/04 :5pm XMJ:/ J@V.Lw,7675895658934586664,为什么说那年你雷神叔叔选择了弹幕最多的救场方式 #雷神 #复仇者联盟 #漫威 #充能计划,私藏月色i,其他,,家乡被毁，刚准备去地球安居被劫杀，弟弟为救自己被杀，奥丁要没死也要气死,其他,2周前·江西,0,,,一级评论,user_06ea85f4a7598656,2026-09-11T13:50:21+08:00
https://v.douyin.com/VbdgIrHokHM/ 12/04 :5pm XMJ:/ J@V.Lw,7675895658934586664,为什么说那年你雷神叔叔选择了弹幕最多的救场方式 #雷神 #复仇者联盟 #漫威 #充能计划,私藏月色i,其他,,以后的视频：盘点以前的视频风格，2026年：为什么那年某某某选择了弹幕最的打,其他,2周前·广东,0,,,一级评论,user_5e069b1140a9c08e,2026-09-11T13:50:21+08:00
https://v.douyin.com/VbdgIrHokHM/ 12/04 :5pm XMJ:/ J@V.Lw,7675895658934586664,为什么说那年你雷神叔叔选择了弹幕最多的救场方式 #雷神 #复仇者联盟 #漫威 #充能计划,私藏月色i,其他,,反浩克装甲上那逗几下,其他,2周前·黑龙江,0,,,一级评论,user_52bbab07ad178e66,2026-09-11T13:50:21+08:00
https://v.douyin.com/VbdgIrHokHM/ 12/04 :5pm XMJ:/ J@V.Lw,7675895658934586664,为什么说那年你雷神叔叔选择了弹幕最多的救场方式 #雷神 #复仇者联盟 #漫威 #充能计划,私藏月色i,其他,,复联三的雷神给人一种无敌的感觉,其他,2周前·河南,0,,,一级评论,user_995663c5f38a7ff1,2026-09-11T13:50:21+08:00
https://v.douyin.com/VbdgIrHokHM/ 12/04 :5pm XMJ:/ J@V.Lw,7675895658934586664,为什么说那年你雷神叔叔选择了弹幕最多的救场方式 #雷神 #复仇者联盟 #漫威 #充能计划,私藏月色i,其他,,愤怒到极致 身体经过星球的蜕变 趁手的武器,其他,2周前·广东,0,,,一级评论,user_da9a6ea1c62e16d4,2026-09-11T13:50:55+08:00
https://v.douyin.com/VbdgIrHokHM/ 12/04 :5pm XMJ:/ J@V.Lw,7675895658934586664,为什么说那年你雷神叔叔选择了弹幕最多的救场方式 #雷神 #复仇者联盟 #漫威 #充能计划,私藏月色i,其他,,一帮街溜子对抗计划生育,其他,2周前·山东,0,,,一级评论,user_24f3ec89d5dd07bd,2026-09-11T13:50:55+08:00
https://v.douyin.com/VbdgIrHokHM/ 12/04 :5pm XMJ:/ J@V.Lw,7675895658934586664,为什么说那年你雷神叔叔选择了弹幕最多的救场方式 #雷神 #复仇者联盟 #漫威 #充能计划,私藏月色i,其他,,砍头大结局了,其他,2周前·福建,0,,,一级评论,user_058467b2c67f89ed,2026-09-11T13:50:55+08:00
https://v.douyin.com/VbdgIrHokHM/ 12/04 :5pm XMJ:/ J@V.Lw,7675895658934586664,为什么说那年你雷神叔叔选择了弹幕最多的救场方式 #雷神 #复仇者联盟 #漫威 #充能计划,私藏月色i,其他,,不小心给美队和浩克头削掉了，怎么办,询问治疗,2周前·辽宁,0,,,一级评论,user_ea0f1d80bde68538,2026-09-11T13:50:55+08:00
https://v.douyin.com/VbdgIrHokHM/ 12/04 :5pm XMJ:/ J@V.Lw,7675895658934586664,为什么说那年你雷神叔叔选择了弹幕最多的救场方式 #雷神 #复仇者联盟 #漫威 #充能计划,私藏月色i,其他,,可惜复联四没瘦回来,其他,2周前·江苏,0,,,一级评论,,2026-09-11T13:50:55+08:00
https://v.douyin.com/VbdgIrHokHM/ 12/04 :5pm XMJ:/ J@V.Lw,7675895658934586664,为什么说那年你雷神叔叔选择了弹幕最多的救场方式 #雷神 #复仇者联盟 #漫威 #充能计划,私藏月色i,其他,,雷神现在就只缺年龄了,其他,2周前·浙江,0,,,一级评论,user_3db4ad9a48c15696,2026-09-11T13:50:55+08:00
https://v.douyin.com/VbdgIrHokHM/ 12/04 :5pm XMJ:/ J@V.Lw,7675895658934586664,为什么说那年你雷神叔叔选择了弹幕最多的救场方式 #雷神 #复仇者联盟 #漫威 #充能计划,私藏月色i,其他,,几千亿度的高温连衣服都烧不坏？,其他,2周前·陕西,0,,,一级评论,user_3ebd50fac1f62954,2026-09-11T13:50:55+08:00
https://v.douyin.com/VbdgIrHokHM/ 12/04 :5pm XMJ:/ J@V.Lw,7675895658934586664,为什么说那年你雷神叔叔选择了弹幕最多的救场方式 #雷神 #复仇者联盟 #漫威 #充能计划,私藏月色i,其他,,然后他在招从天而降的劈法。在复联五。然后被毁灭，博士双指挡下。,其他,2周前·云南,0,,,一级评论,user_53252078971b9456,2026-09-11T13:50:55+08:00
https://v.douyin.com/VbdgIrHokHM/ 12/04 :5pm XMJ:/ J@V.Lw,7675895658934586664,为什么说那年你雷神叔叔选择了弹幕最多的救场方式 #雷神 #复仇者联盟 #漫威 #充能计划,私藏月色i,其他,,索尔：我是席卷人间的巨浪,其他,2周前·山西,0,,,一级评论,user_71e5ff0258e29007,2026-09-11T13:50:55+08:00
https://v.douyin.com/VbdgIrHokHM/ 12/04 :5pm XMJ:/ J@V.Lw,7675895658934586664,为什么说那年你雷神叔叔选择了弹幕最多的救场方式 #雷神 #复仇者联盟 #漫威 #充能计划,私藏月色i,其他,,。,其他,2周前·新疆,0,,,一级评论,user_0dba5ec8b8b6e831,2026-09-11T13:50:56+08:00
https://v.douyin.com/VbdgIrHokHM/ 12/04 :5pm XMJ:/ J@V.Lw,7675895658934586664,为什么说那年你雷神叔叔选择了弹幕最多的救场方式 #雷神 #复仇者联盟 #漫威 #充能计划,私藏月色i,其他,,灭霸，他那个盔甲绝对不一般，不知道有没有人发现，防御能力巨牛,其他,3周前·广东,6,1,,一级评论,user_69413c91367066e6,2026-09-11T13:51:04+08:00
https://v.douyin.com/VbdgIrHokHM/ 12/04 :5pm XMJ:/ J@V.Lw,7675895658934586664,为什么说那年你雷神叔叔选择了弹幕最多的救场方式 #雷神 #复仇者联盟 #漫威 #充能计划,私藏月色i,其他,,准确说阿斯加德的人很惨，三开头，开局先物理层次消失一半，三结尾，响指结束魔法层次消失一半，再知道雷神为什么那么愤怒了吧？,其他,2周前·青海,0,,,一级评论,user_f17e108967b94cf8,2026-09-11T13:51:32+08:00
https://v.douyin.com/VbdgIrHokHM/ 12/04 :5pm XMJ:/ J@V.Lw,7675895658934586664,为什么说那年你雷神叔叔选择了弹幕最多的救场方式 #雷神 #复仇者联盟 #漫威 #充能计划,私藏月色i,其他,,@甜菜车手,其他,2周前·广东,0,,,一级评论,user_fb6e0da6cecf6419,2026-09-11T13:51:32+08:00
https://v.douyin.com/VbdgIrHokHM/ 12/04 :5pm XMJ:/ J@V.Lw,7675895658934586664,为什么说那年你雷神叔叔选择了弹幕最多的救场方式 #雷神 #复仇者联盟 #漫威 #充能计划,私藏月色i,其他,,反正灭霸谁都杀，就是不杀关键角色。,其他,2周前·天津,0,,,一级评论,user_33066314ec147575,2026-09-11T13:51:32+08:00
https://v.douyin.com/VbdgIrHokHM/ 12/04 :5pm XMJ:/ J@V.Lw,7675895658934586664,为什么说那年你雷神叔叔选择了弹幕最多的救场方式 #雷神 #复仇者联盟 #漫威 #充能计划,私藏月色i,其他,,兄弟萌，奥丁和毁灭博士谁更强,其他,2周前·河南,0,1,,一级评论,user_b426f7ff09bdb30a,2026-09-11T13:51:33+08:00
https://v.douyin.com/VbdgIrHokHM/ 12/04 :5pm XMJ:/ J@V.Lw,7675895658934586664,为什么说那年你雷神叔叔选择了弹幕最多的救场方式 #雷神 #复仇者联盟 #漫威 #充能计划,私藏月色i,其他,,复联4也是最惨的 跟浩克差不多胖,其他,2周前·新疆,0,,,一级评论,user_d176f83c1d867c9c,2026-09-11T13:51:33+08:00
https://v.douyin.com/VbdgIrHokHM/ 12/04 :5pm XMJ:/ J@V.Lw,7675895658934586664,为什么说那年你雷神叔叔选择了弹幕最多的救场方式 #雷神 #复仇者联盟 #漫威 #充能计划,私藏月色i,其他,,可惜了光顾在前面C 没注意灭霸绕后了,其他,2周前·北京,0,,,一级评论,user_47bb2d9e10907faf,2026-09-11T13:51:33+08:00
https://v.douyin.com/VbdgIrHokHM/ 12/04 :5pm XMJ:/ J@V.Lw,7675895658934586664,为什么说那年你雷神叔叔选择了弹幕最多的救场方式 #雷神 #复仇者联盟 #漫威 #充能计划,私藏月色i,其他,,第一次第二次看的时候都没什么感觉直到今年无聊点开再看感觉真的太燃了,其他,2周前·山东,0,,,一级评论,user_3bf4224966a875cb,2026-09-11T13:51:33+08:00
https://v.douyin.com/VbdgIrHokHM/ 12/04 :5pm XMJ:/ J@V.Lw,7675895658934586664,为什么说那年你雷神叔叔选择了弹幕最多的救场方式 #雷神 #复仇者联盟 #漫威 #充能计划,私藏月色i,其他,,@XX7,其他,2周前·北京,0,1,,一级评论,user_ada6227d0062346e,2026-09-11T13:51:33+08:00
https://v.douyin.com/VbdgIrHokHM/ 12/04 :5pm XMJ:/ J@V.Lw,7675895658934586664,为什么说那年你雷神叔叔选择了弹幕最多的救场方式 #雷神 #复仇者联盟 #漫威 #充能计划,私藏月色i,其他,,索尔活得越久实力越强,其他,2周前·江西,0,,,一级评论,user_958ae0e9c2724f87,2026-09-11T13:51:33+08:00
https://v.douyin.com/VbdgIrHokHM/ 12/04 :5pm XMJ:/ J@V.Lw,7675895658934586664,为什么说那年你雷神叔叔选择了弹幕最多的救场方式 #雷神 #复仇者联盟 #漫威 #充能计划,私藏月色i,其他,,@喜欢就很好,其他,2周前·云南,0,,,一级评论,user_f3982603f3dfdd9c,2026-09-11T13:52:11+08:00
https://v.douyin.com/VbdgIrHokHM/ 12/04 :5pm XMJ:/ J@V.Lw,7675895658934586664,为什么说那年你雷神叔叔选择了弹幕最多的救场方式 #雷神 #复仇者联盟 #漫威 #充能计划,私藏月色i,其他,,我从天上来，带着战斧斩,其他,2周前·湖南,0,3,,一级评论,user_a4df928a3b6f5e21,2026-09-11T13:52:11+08:00
https://v.douyin.com/VbdgIrHokHM/ 12/04 :5pm XMJ:/ J@V.Lw,7675895658934586664,为什么说那年你雷神叔叔选择了弹幕最多的救场方式 #雷神 #复仇者联盟 #漫威 #充能计划,私藏月色i,其他,,有,其他,2周前·贵州,0,,,一级评论,user_ba2ba999ba71b247,2026-09-11T13:52:11+08:00
https://v.douyin.com/VbdgIrHokHM/ 12/04 :5pm XMJ:/ J@V.Lw,7675895658934586664,为什么说那年你雷神叔叔选择了弹幕最多的救场方式 #雷神 #复仇者联盟 #漫威 #充能计划,私藏月色i,其他,,征服者康和杜姆哪个强一点,其他,2周前·山东,0,1,,一级评论,user_319e668d78cd61fd,2026-09-11T13:52:11+08:00
https://v.douyin.com/VbdgIrHokHM/ 12/04 :5pm XMJ:/ J@V.Lw,7675895658934586664,为什么说那年你雷神叔叔选择了弹幕最多的救场方式 #雷神 #复仇者联盟 #漫威 #充能计划,私藏月色i,其他,,复联五索尔再次失去一切，复联六身体里流着奶酪，复联七查无此人因为主演不干了,其他,2周前·山东,0,,,一级评论,user_56ec954a6a26d5c3,2026-09-11T13:52:11+08:00
https://v.douyin.com/VbdgIrHokHM/ 12/04 :5pm XMJ:/ J@V.Lw,7675895658934586664,为什么说那年你雷神叔叔选择了弹幕最多的救场方式 #雷神 #复仇者联盟 #漫威 #充能计划,私藏月色i,其他,,为什么老是惩罚索尔,其他,2周前·广西,0,,,一级评论,user_4ce8d8590ab2b221,2026-09-11T13:52:11+08:00
https://v.douyin.com/VbdgIrHokHM/ 12/04 :5pm XMJ:/ J@V.Lw,7675895658934586664,为什么说那年你雷神叔叔选择了弹幕最多的救场方式 #雷神 #复仇者联盟 #漫威 #充能计划,私藏月色i,其他,,惊奇队长也可以，点燃一颗太阳说明她也能抗,其他,2周前·上海,0,,,一级评论,user_5fef03b162647304,2026-09-11T13:52:11+08:00
https://v.douyin.com/VbdgIrHokHM/ 12/04 :5pm XMJ:/ J@V.Lw,7675895658934586664,为什么说那年你雷神叔叔选择了弹幕最多的救场方式 #雷神 #复仇者联盟 #漫威 #充能计划,私藏月色i,其他,,雷神是 全复联里最强的铁汉爷们,其他,2周前·新疆,0,1,,一级评论,user_f68695f263ef411f,2026-09-11T13:52:11+08:00
https://v.douyin.com/VbdgIrHokHM/ 12/04 :5pm XMJ:/ J@V.Lw,7675895658934586664,为什么说那年你雷神叔叔选择了弹幕最多的救场方式 #雷神 #复仇者联盟 #漫威 #充能计划,私藏月色i,其他,,所以复联四强行削弱雷神。,其他,3周前·山东,8,1,,一级评论,user_431122fad205014e,2026-09-11T13:52:31+08:00
https://v.douyin.com/VbdgIrHokHM/ 12/04 :5pm XMJ:/ J@V.Lw,7675895658934586664,为什么说那年你雷神叔叔选择了弹幕最多的救场方式 #雷神 #复仇者联盟 #漫威 #充能计划,私藏月色i,其他,,几万年后就是最强的了,其他,2周前·安徽,0,,,一级评论,user_3b0dc01b4ca787b5,2026-09-11T13:52:46+08:00
https://v.douyin.com/VbdgIrHokHM/ 12/04 :5pm XMJ:/ J@V.Lw,7675895658934586664,为什么说那年你雷神叔叔选择了弹幕最多的救场方式 #雷神 #复仇者联盟 #漫威 #充能计划,私藏月色i,其他,,@姜HAN,其他,2周前·河北,0,,,一级评论,user_cec72d35a3113987,2026-09-11T13:52:46+08:00
https://v.douyin.com/VbdgIrHokHM/ 12/04 :5pm XMJ:/ J@V.Lw,7675895658934586664,为什么说那年你雷神叔叔选择了弹幕最多的救场方式 #雷神 #复仇者联盟 #漫威 #充能计划,私藏月色i,其他,,携手前进吧,其他,2周前·甘肃,0,,,一级评论,user_8c43bb6aca26adde,2026-09-11T13:52:46+08:00
https://v.douyin.com/VbdgIrHokHM/ 12/04 :5pm XMJ:/ J@V.Lw,7675895658934586664,为什么说那年你雷神叔叔选择了弹幕最多的救场方式 #雷神 #复仇者联盟 #漫威 #充能计划,私藏月色i,其他,,@溺 夯爆了,其他,2周前·广东,0,1,,一级评论,user_e79c482a08349b91,2026-09-11T13:52:46+08:00
https://v.douyin.com/VbdgIrHokHM/ 12/04 :5pm XMJ:/ J@V.Lw,7675895658934586664,为什么说那年你雷神叔叔选择了弹幕最多的救场方式 #雷神 #复仇者联盟 #漫威 #充能计划,私藏月色i,其他,,怒气值拉满的雷神 最猛的时候,其他,2周前·山东,0,,,一级评论,user_395140bbe8fa9ea9,2026-09-11T13:52:46+08:00
https://v.douyin.com/VbdgIrHokHM/ 12/04 :5pm XMJ:/ J@V.Lw,7675895658934586664,为什么说那年你雷神叔叔选择了弹幕最多的救场方式 #雷神 #复仇者联盟 #漫威 #充能计划,私藏月色i,其他,,阿斯加德平民怎么这么弱，不是神吗,其他,2周前·广东,0,1,,一级评论,user_37b91863606c0ab1,2026-09-11T13:52:46+08:00
https://v.douyin.com/VbdgIrHokHM/ 12/04 :5pm XMJ:/ J@V.Lw,7675895658934586664,为什么说那年你雷神叔叔选择了弹幕最多的救场方式 #雷神 #复仇者联盟 #漫威 #充能计划,私藏月色i,其他,,以雷霆击碎黑暗！！！！！！！,其他,2周前·广东,0,,,一级评论,user_d2d14f2f5e22b1d1,2026-09-11T13:52:46+08:00
https://v.douyin.com/VbdgIrHokHM/ 12/04 :5pm XMJ:/ J@V.Lw,7675895658934586664,为什么说那年你雷神叔叔选择了弹幕最多的救场方式 #雷神 #复仇者联盟 #漫威 #充能计划,私藏月色i,其他,,雷神救场vs惊队救场，哪个最屌,其他,2周前·江苏,0,,,一级评论,user_4f725747fcdcca1d,2026-09-11T13:52:46+08:00
https://v.douyin.com/VbdgIrHokHM/ 12/04 :5pm XMJ:/ J@V.Lw,7675895658934586664,为什么说那年你雷神叔叔选择了弹幕最多的救场方式 #雷神 #复仇者联盟 #漫威 #充能计划,私藏月色i,其他,,isa,其他,2周前·河北,0,,,一级评论,user_3d581659b5612abc,2026-09-11T13:52:46+08:00
https://v.douyin.com/VbdgIrHokHM/ 12/04 :5pm XMJ:/ J@V.Lw,7675895658934586664,为什么说那年你雷神叔叔选择了弹幕最多的救场方式 #雷神 #复仇者联盟 #漫威 #充能计划,私藏月色i,其他,,爷们儿,其他,2小时前·安徽,0,,,一级评论,user_b9cc14c63be888f2,2026-09-11T13:53:07+08:00
https://v.douyin.com/VbdgIrHokHM/ 12/04 :5pm XMJ:/ J@V.Lw,7675895658934586664,为什么说那年你雷神叔叔选择了弹幕最多的救场方式 #雷神 #复仇者联盟 #漫威 #充能计划,私藏月色i,其他,,mj,其他,2周前·广东,0,,,一级评论,user_70a14191021cb31d,2026-09-11T13:53:24+08:00
https://v.douyin.com/VbdgIrHokHM/ 12/04 :5pm XMJ:/ J@V.Lw,7675895658934586664,为什么说那年你雷神叔叔选择了弹幕最多的救场方式 #雷神 #复仇者联盟 #漫威 #充能计划,私藏月色i,其他,,这一部之后，雷神就成了充电宝,其他,2周前·江西,0,,,一级评论,user_240bc3bfb4c18f9f,2026-09-11T13:53:24+08:00
https://v.douyin.com/VbdgIrHokHM/ 12/04 :5pm XMJ:/ J@V.Lw,7675895658934586664,为什么说那年你雷神叔叔选择了弹幕最多的救场方式 #雷神 #复仇者联盟 #漫威 #充能计划,私藏月色i,其他,,爷们儿！,其他,2周前·安徽,0,,,一级评论,user_803b9609b2cccab5,2026-09-11T13:53:24+08:00
https://v.douyin.com/VbdgIrHokHM/ 12/04 :5pm XMJ:/ J@V.Lw,7675895658934586664,为什么说那年你雷神叔叔选择了弹幕最多的救场方式 #雷神 #复仇者联盟 #漫威 #充能计划,私藏月色i,其他,,斧子除了没有奥丁的机制其他完胜锤子,其他,2周前·广东,0,,,一级评论,user_9f9d0004d3b48118,2026-09-11T13:53:24+08:00
https://v.douyin.com/VbdgIrHokHM/ 12/04 :5pm XMJ:/ J@V.Lw,7675895658934586664,为什么说那年你雷神叔叔选择了弹幕最多的救场方式 #雷神 #复仇者联盟 #漫威 #充能计划,私藏月色i,其他,,复联3接雷神3后雷神和绿巨人都给削完了,其他,2周前·广西,0,,,一级评论,user_529ad9f594c649da,2026-09-11T13:53:24+08:00
https://v.douyin.com/VbdgIrHokHM/ 12/04 :5pm XMJ:/ J@V.Lw,7675895658934586664,为什么说那年你雷神叔叔选择了弹幕最多的救场方式 #雷神 #复仇者联盟 #漫威 #充能计划,私藏月色i,其他,,都是神了，怎么连个AOE技能都没有,其他,2周前·江苏,0,,,一级评论,user_ef301c28f4a0ae6b,2026-09-11T13:53:24+08:00
https://v.douyin.com/VbdgIrHokHM/ 12/04 :5pm XMJ:/ J@V.Lw,7675895658934586664,为什么说那年你雷神叔叔选择了弹幕最多的救场方式 #雷神 #复仇者联盟 #漫威 #充能计划,私藏月色i,其他,,@LL~,其他,2周前·广东,0,,,一级评论,user_0f1fb67e18acf7e8,2026-09-11T13:53:24+08:00
https://v.douyin.com/VbdgIrHokHM/ 12/04 :5pm XMJ:/ J@V.Lw,7675895658934586664,为什么说那年你雷神叔叔选择了弹幕最多的救场方式 #雷神 #复仇者联盟 #漫威 #充能计划,私藏月色i,其他,,mj（试特效不用回）,其他,2周前·河南,0,,,一级评论,user_3d9f8015d7f9b153,2026-09-11T13:53:24+08:00
https://v.douyin.com/VbdgIrHokHM/ 12/04 :5pm XMJ:/ J@V.Lw,7675895658934586664,为什么说那年你雷神叔叔选择了弹幕最多的救场方式 #雷神 #复仇者联盟 #漫威 #充能计划,私藏月色i,其他,,最近我的状态看这个视频当我看到浣熊出场的时候其他什么内容都已经不重要了,分享经历,2周前·四川,0,,,一级评论,user_bdb200207039e7ea,2026-09-11T13:53:24+08:00
https://v.douyin.com/VbdgIrHokHM/ 12/04 :5pm XMJ:/ J@V.Lw,7675895658934586664,为什么说那年你雷神叔叔选择了弹幕最多的救场方式 #雷神 #复仇者联盟 #漫威 #充能计划,私藏月色i,其他,,我很好奇，控制中子星开关阀门当中的连接器是用什么金属锻造的？毕竟乌鲁金属已经是漫威里边最坚硬的金属了，但是中子星的温度又可以融化乌鲁来锻造暴风战斧,其他,2周前·河南,0,3,,一级评论,user_a1a9112a031d1682,2026-09-11T13:53:24+08:00
https://v.douyin.com/VbdgIrHokHM/ 12/04 :5pm XMJ:/ J@V.Lw,7675895658934586664,为什么说那年你雷神叔叔选择了弹幕最多的救场方式 #雷神 #复仇者联盟 #漫威 #充能计划,私藏月色i,其他,,六宝石只是用来打响指的，复联4灭霸打惊奇还要扣下来力量,其他,2周前·河北,0,1,,一级评论,user_3a45164eaed8cbbd,2026-09-11T13:54:03+08:00
https://v.douyin.com/VbdgIrHokHM/ 12/04 :5pm XMJ:/ J@V.Lw,7675895658934586664,为什么说那年你雷神叔叔选择了弹幕最多的救场方式 #雷神 #复仇者联盟 #漫威 #充能计划,私藏月色i,其他,,雷神的假眼也是神器吗为什么没有化,其他,2周前·天津,0,,,一级评论,user_1c196fe94ecec1dc,2026-09-11T13:54:03+08:00
https://v.douyin.com/VbdgIrHokHM/ 12/04 :5pm XMJ:/ J@V.Lw,7675895658934586664,为什么说那年你雷神叔叔选择了弹幕最多的救场方式 #雷神 #复仇者联盟 #漫威 #充能计划,私藏月色i,其他,,@103.,其他,2周前·广西,0,,,一级评论,user_40fe0f8bebee312a,2026-09-11T13:54:03+08:00
https://v.douyin.com/VbdgIrHokHM/ 12/04 :5pm XMJ:/ J@V.Lw,7675895658934586664,为什么说那年你雷神叔叔选择了弹幕最多的救场方式 #雷神 #复仇者联盟 #漫威 #充能计划,私藏月色i,其他,,以雷霆击碎黑暗,其他,2周前·山东,0,,,一级评论,user_558940ddb20f1f20,2026-09-11T13:54:03+08:00
https://v.douyin.com/VbdgIrHokHM/ 12/04 :5pm XMJ:/ J@V.Lw,7675895658934586664,为什么说那年你雷神叔叔选择了弹幕最多的救场方式 #雷神 #复仇者联盟 #漫威 #充能计划,私藏月色i,其他,,该怎么形容你最贴切,其他,2周前·重庆,0,,,一级评论,user_c4972c8f8626da82,2026-09-11T13:54:03+08:00
https://v.douyin.com/VbdgIrHokHM/ 12/04 :5pm XMJ:/ J@V.Lw,7675895658934586664,为什么说那年你雷神叔叔选择了弹幕最多的救场方式 #雷神 #复仇者联盟 #漫威 #充能计划,私藏月色i,其他,,可惜了没机会用时间宝石把索尔变老,其他,2周前·安徽,0,,,一级评论,user_0b260d866ceb0203,2026-09-11T13:54:03+08:00
https://v.douyin.com/VbdgIrHokHM/ 12/04 :5pm XMJ:/ J@V.Lw,7675895658934586664,为什么说那年你雷神叔叔选择了弹幕最多的救场方式 #雷神 #复仇者联盟 #漫威 #充能计划,私藏月色i,其他,,毕竟是神,其他,2周前·云南,0,,,一级评论,user_3c3c2a87e488adf2,2026-09-11T13:54:03+08:00
https://v.douyin.com/VbdgIrHokHM/ 12/04 :5pm XMJ:/ J@V.Lw,7675895658934586664,为什么说那年你雷神叔叔选择了弹幕最多的救场方式 #雷神 #复仇者联盟 #漫威 #充能计划,私藏月色i,其他,,索尔打响指没问题的,其他,2周前·福建,0,1,,一级评论,user_67db81a4b7db4ae3,2026-09-11T13:54:04+08:00
https://v.douyin.com/VbdgIrHokHM/ 12/04 :5pm XMJ:/ J@V.Lw,7675895658934586664,为什么说那年你雷神叔叔选择了弹幕最多的救场方式 #雷神 #复仇者联盟 #漫威 #充能计划,私藏月色i,其他,,这个时候的雷神打个响指之后都能和灭霸掰掰手腕，可惜第四部全身流淌着奶油啤酒,其他,2周前·江苏,0,,,一级评论,user_fee000ed9247115e,2026-09-11T13:54:04+08:00
https://v.douyin.com/VbdgIrHokHM/ 12/04 :5pm XMJ:/ J@V.Lw,7675895658934586664,为什么说那年你雷神叔叔选择了弹幕最多的救场方式 #雷神 #复仇者联盟 #漫威 #充能计划,私藏月色i,其他,,最强的应该是卡罗尔,其他,4小时前·广东,0,,,一级评论,user_66319cd271bb219b,2026-09-11T13:54:07+08:00
https://v.douyin.com/VbdgIrHokHM/ 12/04 :5pm XMJ:/ J@V.Lw,7675895658934586664,为什么说那年你雷神叔叔选择了弹幕最多的救场方式 #雷神 #复仇者联盟 #漫威 #充能计划,私藏月色i,其他,,实在不理解，当时为什么明明有护盾？队长非要把护盾打开,其他,2周前·河南,0,2,,一级评论,user_6902a89ca53eba86,2026-09-11T13:54:46+08:00
https://v.douyin.com/VbdgIrHokHM/ 12/04 :5pm XMJ:/ J@V.Lw,7675895658934586664,为什么说那年你雷神叔叔选择了弹幕最多的救场方式 #雷神 #复仇者联盟 #漫威 #充能计划,私藏月色i,其他,,s1浩克给你灭霸打出屎来,其他,2周前·广东,0,,,一级评论,user_3aa4bd682e0c6209,2026-09-11T13:54:46+08:00
https://v.douyin.com/VbdgIrHokHM/ 12/04 :5pm XMJ:/ J@V.Lw,7675895658934586664,为什么说那年你雷神叔叔选择了弹幕最多的救场方式 #雷神 #复仇者联盟 #漫威 #充能计划,私藏月色i,其他,,要是劈中头了不知道有多燃,其他,2周前·福建,0,,,一级评论,user_aa140caae4f35246,2026-09-11T13:54:46+08:00
https://v.douyin.com/VbdgIrHokHM/ 12/04 :5pm XMJ:/ J@V.Lw,7675895658934586664,为什么说那年你雷神叔叔选择了弹幕最多的救场方式 #雷神 #复仇者联盟 #漫威 #充能计划,私藏月色i,其他,,mj,其他,2周前·新加坡,0,,,一级评论,user_39f7f5528737e870,2026-09-11T13:54:46+08:00
https://v.douyin.com/VbdgIrHokHM/ 12/04 :5pm XMJ:/ J@V.Lw,7675895658934586664,为什么说那年你雷神叔叔选择了弹幕最多的救场方式 #雷神 #复仇者联盟 #漫威 #充能计划,私藏月色i,其他,,司空震开大了,其他,2周前·山东,0,,,一级评论,user_c83f73501e62497f,2026-09-11T13:54:46+08:00
https://v.douyin.com/VbdgIrHokHM/ 12/04 :5pm XMJ:/ J@V.Lw,7675895658934586664,为什么说那年你雷神叔叔选择了弹幕最多的救场方式 #雷神 #复仇者联盟 #漫威 #充能计划,私藏月色i,其他,,@AAA水果批发小梁,其他,2周前·广西,0,,,一级评论,user_d819ea348d98f0c7,2026-09-11T13:54:46+08:00
https://v.douyin.com/VbdgIrHokHM/ 12/04 :5pm XMJ:/ J@V.Lw,7675895658934586664,为什么说那年你雷神叔叔选择了弹幕最多的救场方式 #雷神 #复仇者联盟 #漫威 #充能计划,私藏月色i,其他,,整个飞船都炸了，剩下的难民是怎么跑到地球的,其他,2周前·浙江,0,1,,一级评论,user_0dcc00d2803756c5,2026-09-11T13:54:46+08:00
https://v.douyin.com/VbdgIrHokHM/ 12/04 :5pm XMJ:/ J@V.Lw,7675895658934586664,为什么说那年你雷神叔叔选择了弹幕最多的救场方式 #雷神 #复仇者联盟 #漫威 #充能计划,私藏月色i,其他,,浩克刚在阿斯加德打完，没体力了,其他,2周前·北京,0,,,一级评论,user_4dc097795d13b523,2026-09-11T13:54:46+08:00
https://v.douyin.com/VbdgIrHokHM/ 12/04 :5pm XMJ:/ J@V.Lw,7675895658934586664,为什么说那年你雷神叔叔选择了弹幕最多的救场方式 #雷神 #复仇者联盟 #漫威 #充能计划,私藏月色i,其他,,王者荣耀啥时候能联动雷神啊，给司空震,其他,2周前·河南,0,3,,一级评论,user_2e2606a3db08d34d,2026-09-11T13:54:46+08:00
https://v.douyin.com/VbdgIrHokHM/ 12/04 :5pm XMJ:/ J@V.Lw,7675895658934586664,为什么说那年你雷神叔叔选择了弹幕最多的救场方式 #雷神 #复仇者联盟 #漫威 #充能计划,私藏月色i,其他,,这个时候应该是青春期发育了,其他,2周前·四川,0,,,一级评论,user_a828683717235d79,2026-09-11T13:54:46+08:00
https://v.douyin.com/VbdgIrHokHM/ 12/04 :5pm XMJ:/ J@V.Lw,7675895658934586664,为什么说那年你雷神叔叔选择了弹幕最多的救场方式 #雷神 #复仇者联盟 #漫威 #充能计划,私藏月色i,其他,,mj,其他,2周前·福建,0,,,一级评论,user_9b6d59fcdeea4731,2026-09-11T13:55:28+08:00
https://v.douyin.com/VbdgIrHokHM/ 12/04 :5pm XMJ:/ J@V.Lw,7675895658934586664,为什么说那年你雷神叔叔选择了弹幕最多的救场方式 #雷神 #复仇者联盟 #漫威 #充能计划,私藏月色i,其他,,败方MVP,其他,2周前·陕西,0,,,一级评论,user_a0e51a00fe5ada4b,2026-09-11T13:55:28+08:00
https://v.douyin.com/VbdgIrHokHM/ 12/04 :5pm XMJ:/ J@V.Lw,7675895658934586664,为什么说那年你雷神叔叔选择了弹幕最多的救场方式 #雷神 #复仇者联盟 #漫威 #充能计划,私藏月色i,其他,,评论区真能吹，劈个宝石光线能耐了吗，复联3雷神去打复联4无宝石灭霸照样赢不了。都强成这样了，肌肉变肥肉能弱多少？复联4还有锤子，照样是被灭霸爆锤,其他,2周前·广东,0,,,一级评论,user_a8807273930d5b6b,2026-09-11T13:55:28+08:00
https://v.douyin.com/VbdgIrHokHM/ 12/04 :5pm XMJ:/ J@V.Lw,7675895658934586664,为什么说那年你雷神叔叔选择了弹幕最多的救场方式 #雷神 #复仇者联盟 #漫威 #充能计划,私藏月色i,其他,,劲爆点男主,其他,2周前·江苏,0,,,一级评论,user_947b95272bc5fc21,2026-09-11T13:55:28+08:00
https://v.douyin.com/VbdgIrHokHM/ 12/04 :5pm XMJ:/ J@V.Lw,7675895658934586664,为什么说那年你雷神叔叔选择了弹幕最多的救场方式 #雷神 #复仇者联盟 #漫威 #充能计划,私藏月色i,其他,,败方MVP,其他,2周前·浙江,0,,,一级评论,user_0a955fa548f11757,2026-09-11T13:55:28+08:00
https://v.douyin.com/VbdgIrHokHM/ 12/04 :5pm XMJ:/ J@V.Lw,7675895658934586664,为什么说那年你雷神叔叔选择了弹幕最多的救场方式 #雷神 #复仇者联盟 #漫威 #充能计划,私藏月色i,其他,,轮子妈清兵,其他,2周前·广西,0,,,一级评论,user_91c17255557c12e7,2026-09-11T13:55:28+08:00
https://v.douyin.com/VbdgIrHokHM/ 12/04 :5pm XMJ:/ J@V.Lw,7675895658934586664,为什么说那年你雷神叔叔选择了弹幕最多的救场方式 #雷神 #复仇者联盟 #漫威 #充能计划,私藏月色i,其他,,多剪一秒 都得凉,其他,2周前·甘肃,0,,,一级评论,user_e35ebef44f01043a,2026-09-11T13:55:29+08:00
https://v.douyin.com/VbdgIrHokHM/ 12/04 :5pm XMJ:/ J@V.Lw,7675895658934586664,为什么说那年你雷神叔叔选择了弹幕最多的救场方式 #雷神 #复仇者联盟 #漫威 #充能计划,私藏月色i,其他,,打团还得有aoe,其他,2周前·广东,0,,,一级评论,user_ddb6a61c972e8a99,2026-09-11T13:55:29+08:00
https://v.douyin.com/VbdgIrHokHM/ 12/04 :5pm XMJ:/ J@V.Lw,7675895658934586664,为什么说那年你雷神叔叔选择了弹幕最多的救场方式 #雷神 #复仇者联盟 #漫威 #充能计划,私藏月色i,其他,,洛基不是诡计之神吗？不是应该脑子很聪明，什么都算计的到吗，就算100个灭霸不过诡计之神好不好？这完全就是把神明的权利，法则削弱了,其他,2周前·湖南,0,,,一级评论,user_3e952b9433fd85e7,2026-09-11T13:55:29+08:00
https://v.douyin.com/VbdgIrHokHM/ 12/04 :5pm XMJ:/ J@V.Lw,7675895658934586664,为什么说那年你雷神叔叔选择了弹幕最多的救场方式 #雷神 #复仇者联盟 #漫威 #充能计划,私藏月色i,其他,,浣熊为什么不联系星爵 直接去泰坦星干灭霸,其他,2周前·四川,0,2,,一级评论,user_35128fb3a390a88a,2026-09-11T13:56:11+08:00
https://v.douyin.com/VbdgIrHokHM/ 12/04 :5pm XMJ:/ J@V.Lw,7675895658934586664,为什么说那年你雷神叔叔选择了弹幕最多的救场方式 #雷神 #复仇者联盟 #漫威 #充能计划,私藏月色i,其他,,a4五年前应该是最强，然后雷4双持应该是到达新梯度了,其他,2周前·广东,0,,,一级评论,user_dda2d61353453b0d,2026-09-11T13:56:11+08:00
https://v.douyin.com/VbdgIrHokHM/ 12/04 :5pm XMJ:/ J@V.Lw,7675895658934586664,为什么说那年你雷神叔叔选择了弹幕最多的救场方式 #雷神 #复仇者联盟 #漫威 #充能计划,私藏月色i,其他,,当时看雷神出来以为要赢了,其他,2周前·山东,0,,,一级评论,user_e3d876b8f895b4fe,2026-09-11T13:56:11+08:00
https://v.douyin.com/VbdgIrHokHM/ 12/04 :5pm XMJ:/ J@V.Lw,7675895658934586664,为什么说那年你雷神叔叔选择了弹幕最多的救场方式 #雷神 #复仇者联盟 #漫威 #充能计划,私藏月色i,其他,,不是，怎么我的不良人宝藏博主跑去讲漫威了,分享经历,2周前·湖北,0,,,一级评论,user_e28cad45dd29544d,2026-09-11T13:56:11+08:00
https://v.douyin.com/VbdgIrHokHM/ 12/04 :5pm XMJ:/ J@V.Lw,7675895658934586664,为什么说那年你雷神叔叔选择了弹幕最多的救场方式 #雷神 #复仇者联盟 #漫威 #充能计划,私藏月色i,其他,,@雨季 @夕桭 @沐雨· @唉 @雉夕 @哎呀 @夜晨兮 @看不穿道不破 @LLL @鸡蛋炒肉拌面 @浮生醉清 风,其他,2周前·江西,0,,,一级评论,user_63ff8eb8f6cd0925,2026-09-11T13:56:11+08:00
https://v.douyin.com/VbdgIrHokHM/ 12/04 :5pm XMJ:/ J@V.Lw,7675895658934586664,为什么说那年你雷神叔叔选择了弹幕最多的救场方式 #雷神 #复仇者联盟 #漫威 #充能计划,私藏月色i,其他,,几千亿高温能扛得住，却能被灭霸那点小物理攻击打趴，这很不合理,其他,2周前·广西,0,1,,一级评论,user_c3402e1e6581ea19,2026-09-11T13:56:11+08:00
https://v.douyin.com/VbdgIrHokHM/ 12/04 :5pm XMJ:/ J@V.Lw,7675895658934586664,为什么说那年你雷神叔叔选择了弹幕最多的救场方式 #雷神 #复仇者联盟 #漫威 #充能计划,私藏月色i,其他,,雷神强还是惊奇强？,其他,2周前·河北,0,4,,一级评论,user_31968673a88bdfc1,2026-09-11T13:56:12+08:00
https://v.douyin.com/VbdgIrHokHM/ 12/04 :5pm XMJ:/ J@V.Lw,7675895658934586664,为什么说那年你雷神叔叔选择了弹幕最多的救场方式 #雷神 #复仇者联盟 #漫威 #充能计划,私藏月色i,其他,,我觉得短发时期的雷神最帅，热血硬汉太对了,其他,2周前·上海,0,,,一级评论,user_c5d5abccf04437e2,2026-09-11T13:56:12+08:00
https://v.douyin.com/VbdgIrHokHM/ 12/04 :5pm XMJ:/ J@V.Lw,7675895658934586664,为什么说那年你雷神叔叔选择了弹幕最多的救场方式 #雷神 #复仇者联盟 #漫威 #充能计划,私藏月色i,其他,,最吊的还是口哨箭，可惜没能坚持到灭霸时间线,其他,2周前·广东,0,,,一级评论,user_38c462479b3f6b0c,2026-09-11T13:56:12+08:00
https://v.douyin.com/VbdgIrHokHM/ 12/04 :5pm XMJ:/ J@V.Lw,7675895658934586664,为什么说那年你雷神叔叔选择了弹幕最多的救场方式 #雷神 #复仇者联盟 #漫威 #充能计划,私藏月色i,其他,,我是真服了弹幕一群纯云小子了,其他,2周前·河南,0,,,一级评论,user_0802dcfdde896399,2026-09-11T13:56:54+08:00
https://v.douyin.com/VbdgIrHokHM/ 12/04 :5pm XMJ:/ J@V.Lw,7675895658934586664,为什么说那年你雷神叔叔选择了弹幕最多的救场方式 #雷神 #复仇者联盟 #漫威 #充能计划,私藏月色i,其他,,父亲没了 母亲没了 弟弟没了 姐姐没了 阿斯加德没了 锤子没了 眼睛没了,其他,2周前·广东,0,,,一级评论,user_b08e3f60c06b0d7d,2026-09-11T13:56:54+08:00
https://v.douyin.com/VbdgIrHokHM/ 12/04 :5pm XMJ:/ J@V.Lw,7675895658934586664,为什么说那年你雷神叔叔选择了弹幕最多的救场方式 #雷神 #复仇者联盟 #漫威 #充能计划,私藏月色i,其他,,@… . @Ethan.,其他,2周前·湖南,0,,,一级评论,user_b00d9f039f1b6cbd,2026-09-11T13:56:54+08:00
https://v.douyin.com/VbdgIrHokHM/ 12/04 :5pm XMJ:/ J@V.Lw,7675895658934586664,为什么说那年你雷神叔叔选择了弹幕最多的救场方式 #雷神 #复仇者联盟 #漫威 #充能计划,私藏月色i,其他,,但感觉电影表现力没那么强，一个神就放一点小雷电，又不是没有经费，dc那边特效多足，就连动漫作坊都能搞很夸张,其他,2周前·湖北,0,,,一级评论,user_d837e3e681a1923c,2026-09-11T13:56:54+08:00
https://v.douyin.com/VbdgIrHokHM/ 12/04 :5pm XMJ:/ J@V.Lw,7675895658934586664,为什么说那年你雷神叔叔选择了弹幕最多的救场方式 #雷神 #复仇者联盟 #漫威 #充能计划,私藏月色i,其他,,当时以为雷神已经无敌成漫威界的超人了，结果复联四就拉了,其他,2周前·河北,0,,,一级评论,user_246c06598f560cb7,2026-09-11T13:56:54+08:00
https://v.douyin.com/VbdgIrHokHM/ 12/04 :5pm XMJ:/ J@V.Lw,7675895658934586664,为什么说那年你雷神叔叔选择了弹幕最多的救场方式 #雷神 #复仇者联盟 #漫威 #充能计划,私藏月色i,其他,,为了北方神的荣耀,其他,2周前·广东,0,,,一级评论,user_13958455b508fad0,2026-09-11T13:56:54+08:00
https://v.douyin.com/VbdgIrHokHM/ 12/04 :5pm XMJ:/ J@V.Lw,7675895658934586664,为什么说那年你雷神叔叔选择了弹幕最多的救场方式 #雷神 #复仇者联盟 #漫威 #充能计划,私藏月色i,其他,,我有个问题，为什么美队一行人去后山拦截5宝石灭霸的时候雷神不直接跟过去，非要等6宝石集齐再来,其他,2周前·北京,0,2,,一级评论,user_b443da005ec6e671,2026-09-11T13:56:54+08:00
https://v.douyin.com/VbdgIrHokHM/ 12/04 :5pm XMJ:/ J@V.Lw,7675895658934586664,为什么说那年你雷神叔叔选择了弹幕最多的救场方式 #雷神 #复仇者联盟 #漫威 #充能计划,私藏月色i,其他,,妇联四非得着急 等你索尔叔叔锻炼回来直接穿过去干灭霸都行,其他,2周前·黑龙江,0,,,一级评论,user_b5892e6d8081fbcb,2026-09-11T13:56:54+08:00
https://v.douyin.com/VbdgIrHokHM/ 12/04 :5pm XMJ:/ J@V.Lw,7675895658934586664,为什么说那年你雷神叔叔选择了弹幕最多的救场方式 #雷神 #复仇者联盟 #漫威 #充能计划,私藏月色i,其他,,可惜喝成啤酒肚了,其他,2周前·江苏,0,,,一级评论,user_d14fef937fa5e845,2026-09-11T13:56:54+08:00
https://v.douyin.com/VbdgIrHokHM/ 12/04 :5pm XMJ:/ J@V.Lw,7675895658934586664,为什么说那年你雷神叔叔选择了弹幕最多的救场方式 #雷神 #复仇者联盟 #漫威 #充能计划,私藏月色i,其他,,国仇家恨，我仍旧认为复3雷神救场是MCU漫威以来最强的场面表现没有之一,其他,2周前·辽宁,0,,,一级评论,user_03def5a7c8985f6e,2026-09-11T13:57:38+08:00
https://v.douyin.com/VbdgIrHokHM/ 12/04 :5pm XMJ:/ J@V.Lw,7675895658934586664,为什么说那年你雷神叔叔选择了弹幕最多的救场方式 #雷神 #复仇者联盟 #漫威 #充能计划,私藏月色i,其他,,1,其他,2周前·广东,0,,,一级评论,user_53c087d636a276d4,2026-09-11T13:57:38+08:00
https://v.douyin.com/VbdgIrHokHM/ 12/04 :5pm XMJ:/ J@V.Lw,7675895658934586664,为什么说那年你雷神叔叔选择了弹幕最多的救场方式 #雷神 #复仇者联盟 #漫威 #充能计划,私藏月色i,其他,,太燃了，看再多遍都很激动,其他,2周前·山西,0,,,一级评论,user_afaeece0c22c5cac,2026-09-11T13:57:38+08:00
https://v.douyin.com/VbdgIrHokHM/ 12/04 :5pm XMJ:/ J@V.Lw,7675895658934586664,为什么说那年你雷神叔叔选择了弹幕最多的救场方式 #雷神 #复仇者联盟 #漫威 #充能计划,私藏月色i,其他,,雷霆万钧。,其他,2周前·辽宁,0,,,一级评论,user_4b725725a3745c0e,2026-09-11T13:57:38+08:00
https://v.douyin.com/VbdgIrHokHM/ 12/04 :5pm XMJ:/ J@V.Lw,7675895658934586664,为什么说那年你雷神叔叔选择了弹幕最多的救场方式 #雷神 #复仇者联盟 #漫威 #充能计划,私藏月色i,其他,,打团战就得要雷叔叔这种超大范围清兵aoe太爽了,其他,2周前·广西,0,,,一级评论,user_c528d6261b375dc4,2026-09-11T13:57:38+08:00
https://v.douyin.com/VbdgIrHokHM/ 12/04 :5pm XMJ:/ J@V.Lw,7675895658934586664,为什么说那年你雷神叔叔选择了弹幕最多的救场方式 #雷神 #复仇者联盟 #漫威 #充能计划,私藏月色i,其他,,说星爵三拳打出复联四  索尔劈的是脑袋或者胳膊，复联4一样没有,其他,2周前·河南,0,,,一级评论,user_6cd9068b9bb4855e,2026-09-11T13:57:39+08:00
https://v.douyin.com/VbdgIrHokHM/ 12/04 :5pm XMJ:/ J@V.Lw,7675895658934586664,为什么说那年你雷神叔叔选择了弹幕最多的救场方式 #雷神 #复仇者联盟 #漫威 #充能计划,私藏月色i,其他,,@霸王龙 我最喜欢的雷神,其他,3周前·新疆,0,,,一级评论,user_cd2f21d28364ea60,2026-09-11T13:57:39+08:00
https://v.douyin.com/VbdgIrHokHM/ 12/04 :5pm XMJ:/ J@V.Lw,7675895658934586664,为什么说那年你雷神叔叔选择了弹幕最多的救场方式 #雷神 #复仇者联盟 #漫威 #充能计划,私藏月色i,其他,,其实设定上雷神比铁盾强太多了，根本不需要和他们两并列叫为复联三巨头，比他厉害的只有女巫,其他,3周前·浙江,0,3,,一级评论,user_45bcad132aaaff00,2026-09-11T13:58:25+08:00
https://v.douyin.com/VbdgIrHokHM/ 12/04 :5pm XMJ:/ J@V.Lw,7675895658934586664,为什么说那年你雷神叔叔选择了弹幕最多的救场方式 #雷神 #复仇者联盟 #漫威 #充能计划,私藏月色i,其他,,有这样的朋友多好，我的车充电自由,分享经历,3周前·广东,0,,,一级评论,user_a95555bc35a261f9,2026-09-11T13:58:25+08:00
https://v.douyin.com/VbdgIrHokHM/ 12/04 :5pm XMJ:/ J@V.Lw,7675895658934586664,为什么说那年你雷神叔叔选择了弹幕最多的救场方式 #雷神 #复仇者联盟 #漫威 #充能计划,私藏月色i,其他,,这简直是王从天降 愤怒狰狞,其他,3周前·广东,0,,,一级评论,user_bab51caf620af07e,2026-09-11T13:58:25+08:00
https://v.douyin.com/VbdgIrHokHM/ 12/04 :5pm XMJ:/ J@V.Lw,7675895658934586664,为什么说那年你雷神叔叔选择了弹幕最多的救场方式 #雷神 #复仇者联盟 #漫威 #充能计划,私藏月色i,其他,,@W,其他,3周前·广东,0,1,,一级评论,user_a4fac021d9e8121d,2026-09-11T13:58:25+08:00
https://v.douyin.com/VbdgIrHokHM/ 12/04 :5pm XMJ:/ J@V.Lw,7675895658934586664,为什么说那年你雷神叔叔选择了弹幕最多的救场方式 #雷神 #复仇者联盟 #漫威 #充能计划,私藏月色i,其他,,阿斯加德那个衣服有链接吗，被射线射了半天还没坏,其他,3周前·北京,0,,,一级评论,user_2c24894d9b63e1dc,2026-09-11T13:58:25+08:00
https://v.douyin.com/VbdgIrHokHM/ 12/04 :5pm XMJ:/ J@V.Lw,7675895658934586664,为什么说那年你雷神叔叔选择了弹幕最多的救场方式 #雷神 #复仇者联盟 #漫威 #充能计划,私藏月色i,其他,,太帅了，我心中的雷神,其他,3周前·山东,0,,,一级评论,user_1f093be126dc11f7,2026-09-11T13:58:25+08:00
https://v.douyin.com/VbdgIrHokHM/ 12/04 :5pm XMJ:/ J@V.Lw,7675895658934586664,为什么说那年你雷神叔叔选择了弹幕最多的救场方式 #雷神 #复仇者联盟 #漫威 #充能计划,私藏月色i,其他,,@yE 之前看感觉正经牛逼,其他,3周前·北京,0,,,一级评论,user_9a673f3ff72f31b7,2026-09-11T13:58:25+08:00
https://v.douyin.com/VbdgIrHokHM/ 12/04 :5pm XMJ:/ J@V.Lw,7675895658934586664,为什么说那年你雷神叔叔选择了弹幕最多的救场方式 #雷神 #复仇者联盟 #漫威 #充能计划,私藏月色i,其他,,当年完全注意格鲁特去了，格鲁特好搞笑，都没发现雷神这么帅,其他,3周前·广东,0,,,一级评论,user_b20cbd2efbe49670,2026-09-11T13:58:25+08:00
https://v.douyin.com/VbdgIrHokHM/ 12/04 :5pm XMJ:/ J@V.Lw,7675895658934586664,为什么说那年你雷神叔叔选择了弹幕最多的救场方式 #雷神 #复仇者联盟 #漫威 #充能计划,私藏月色i,其他,,上一次怎么玩的还是阿斯特拉奥特曼,其他,3周前·四川,0,,,一级评论,user_c7d9513b9a6c8622,2026-09-11T13:58:25+08:00
https://v.douyin.com/VbdgIrHokHM/ 12/04 :5pm XMJ:/ J@V.Lw,7675895658934586664,为什么说那年你雷神叔叔选择了弹幕最多的救场方式 #雷神 #复仇者联盟 #漫威 #充能计划,私藏月色i,其他,,说星爵三拳打出复联四  索尔劈的是脑袋或者胳膊，复联4一样没有,其他,3周前·河南,0,,,一级评论,user_6cd9068b9bb4855e,2026-09-11T13:59:07+08:00
https://v.douyin.com/VbdgIrHokHM/ 12/04 :5pm XMJ:/ J@V.Lw,7675895658934586664,为什么说那年你雷神叔叔选择了弹幕最多的救场方式 #雷神 #复仇者联盟 #漫威 #充能计划,私藏月色i,其他,,雷神要被毁灭博士吊打太惨了这一生,其他,3周前·北京,0,,,一级评论,user_40531d948c24ee04,2026-09-11T13:59:08+08:00
https://v.douyin.com/VbdgIrHokHM/ 12/04 :5pm XMJ:/ J@V.Lw,7675895658934586664,为什么说那年你雷神叔叔选择了弹幕最多的救场方式 #雷神 #复仇者联盟 #漫威 #充能计划,私藏月色i,其他,,雷神会飞，但是灭霸来了之后他是最后到场的，前面还在清兵，灭霸厉害的手下都是复联其它人杀的，雷神还在清兵…,其他,3周前·广西,0,,,一级评论,user_e2c01821152fcabc,2026-09-11T13:59:08+08:00
https://v.douyin.com/VbdgIrHokHM/ 12/04 :5pm XMJ:/ J@V.Lw,7675895658934586664,为什么说那年你雷神叔叔选择了弹幕最多的救场方式 #雷神 #复仇者联盟 #漫威 #充能计划,私藏月色i,其他,,最燃救场还得是惊队,其他,3周前·陕西,0,,,一级评论,user_7ac007c45c72ca46,2026-09-11T13:59:08+08:00
https://v.douyin.com/VbdgIrHokHM/ 12/04 :5pm XMJ:/ J@V.Lw,7675895658934586664,为什么说那年你雷神叔叔选择了弹幕最多的救场方式 #雷神 #复仇者联盟 #漫威 #充能计划,私藏月色i,其他,,@Una,其他,3周前·海南,0,,,一级评论,user_536d5041ea58d7dc,2026-09-11T13:59:08+08:00
https://v.douyin.com/VbdgIrHokHM/ 12/04 :5pm XMJ:/ J@V.Lw,7675895658934586664,为什么说那年你雷神叔叔选择了弹幕最多的救场方式 #雷神 #复仇者联盟 #漫威 #充能计划,私藏月色i,其他,,如果三里面的瘦雷神去打复联四里面的无宝石灭霸能单挑过吗,其他,3周前·陕西,0,3,,一级评论,user_62ac5be1322a479c,2026-09-11T13:59:08+08:00
https://v.douyin.com/VbdgIrHokHM/ 12/04 :5pm XMJ:/ J@V.Lw,7675895658934586664,为什么说那年你雷神叔叔选择了弹幕最多的救场方式 #雷神 #复仇者联盟 #漫威 #充能计划,私藏月色i,其他,,浩克被打晕是真无敌按道理来说物理伤害几乎不可能让浩克晕,其他,3周前·内蒙古,0,,,一级评论,user_b523dba24ee74e64,2026-09-11T13:59:08+08:00
https://v.douyin.com/VbdgIrHokHM/ 12/04 :5pm XMJ:/ J@V.Lw,7675895658934586664,为什么说那年你雷神叔叔选择了弹幕最多的救场方式 #雷神 #复仇者联盟 #漫威 #充能计划,私藏月色i,其他,,总有一条宣传视频会打动你的心，雷神被削弱了,其他,3周前·吉林,0,,,一级评论,user_f5cdd834fc9b08f4,2026-09-11T13:59:08+08:00
https://v.douyin.com/VbdgIrHokHM/ 12/04 :5pm XMJ:/ J@V.Lw,7675895658934586664,为什么说那年你雷神叔叔选择了弹幕最多的救场方式 #雷神 #复仇者联盟 #漫威 #充能计划,私藏月色i,其他,,雷神再弱也是个神,其他,3周前·新疆,0,,,一级评论,user_dec598c25b02e2d7,2026-09-11T13:59:08+08:00
https://v.douyin.com/VbdgIrHokHM/ 12/04 :5pm XMJ:/ J@V.Lw,7675895658934586664,为什么说那年你雷神叔叔选择了弹幕最多的救场方式 #雷神 #复仇者联盟 #漫威 #充能计划,私藏月色i,其他,,雷神：排这个电影最累的就是我,其他,3周前·河北,0,,,一级评论,user_6b4479eb18c4de6f,2026-09-11T13:59:09+08:00
https://v.douyin.com/VbdgIrHokHM/ 12/04 :5pm XMJ:/ J@V.Lw,7675895658934586664,为什么说那年你雷神叔叔选择了弹幕最多的救场方式 #雷神 #复仇者联盟 #漫威 #充能计划,私藏月色i,其他,,灭霸能杀死绿巨人吗？如果真的要杀死绿巨人，绿巨人超级愤怒能变绿殇吗,其他,3周前·山东,0,,,一级评论,user_617675a9caaca73b,2026-09-11T13:59:09+08:00
https://v.douyin.com/VbdgIrHokHM/ 12/04 :5pm XMJ:/ J@V.Lw,7675895658934586664,为什么说那年你雷神叔叔选择了弹幕最多的救场方式 #雷神 #复仇者联盟 #漫威 #充能计划,私藏月色i,其他,,所以为了平衡战斗力，复联四直接让雷神吃成良子了,其他,3周前·广东,0,,,一级评论,user_cf971e4f20c28ce5,2026-09-11T13:59:58+08:00
https://v.douyin.com/VbdgIrHokHM/ 12/04 :5pm XMJ:/ J@V.Lw,7675895658934586664,为什么说那年你雷神叔叔选择了弹幕最多的救场方式 #雷神 #复仇者联盟 #漫威 #充能计划,私藏月色i,其他,,短发索尔真的帅,其他,3周前·广西,0,,,一级评论,user_3fac3620c7a4ed58,2026-09-11T13:59:58+08:00
https://v.douyin.com/VbdgIrHokHM/ 12/04 :5pm XMJ:/ J@V.Lw,7675895658934586664,为什么说那年你雷神叔叔选择了弹幕最多的救场方式 #雷神 #复仇者联盟 #漫威 #充能计划,私藏月色i,其他,,复联四削成路边了还不如雷神三时期呢,其他,3周前·重庆,0,1,,一级评论,user_dcd38f4c27163333,2026-09-11T13:59:58+08:00
https://v.douyin.com/VbdgIrHokHM/ 12/04 :5pm XMJ:/ J@V.Lw,7675895658934586664,为什么说那年你雷神叔叔选择了弹幕最多的救场方式 #雷神 #复仇者联盟 #漫威 #充能计划,私藏月色i,其他,,复仇者们打生打死还不如你雷神叔叔一招,其他,3周前·江西,0,,,一级评论,user_8d6cf0825788d070,2026-09-11T13:59:58+08:00
https://v.douyin.com/VbdgIrHokHM/ 12/04 :5pm XMJ:/ J@V.Lw,7675895658934586664,为什么说那年你雷神叔叔选择了弹幕最多的救场方式 #雷神 #复仇者联盟 #漫威 #充能计划,私藏月色i,其他,,索尔最帅的一部电影,其他,3周前·江苏,0,,,一级评论,user_2fcf68f865b6b95f,2026-09-11T13:59:58+08:00
https://v.douyin.com/VbdgIrHokHM/ 12/04 :5pm XMJ:/ J@V.Lw,7675895658934586664,为什么说那年你雷神叔叔选择了弹幕最多的救场方式 #雷神 #复仇者联盟 #漫威 #充能计划,私藏月色i,其他,,还有人问雷神能不能打过祖国人，雷神一锤子不给七人组揍出来都算他们拉的干净,其他,3周前·山东,0,,,一级评论,user_c128d7d141d49814,2026-09-11T14:00:49+08:00
https://v.douyin.com/VbdgIrHokHM/ 12/04 :5pm XMJ:/ J@V.Lw,7675895658934586664,为什么说那年你雷神叔叔选择了弹幕最多的救场方式 #雷神 #复仇者联盟 #漫威 #充能计划,私藏月色i,其他,,就这个真的是神凡人看到激动的流泪,其他,3周前·安徽,0,,,一级评论,user_cb7cf19457ae72f3,2026-09-11T14:00:49+08:00
https://v.douyin.com/VbdgIrHokHM/ 12/04 :5pm XMJ:/ J@V.Lw,7675895658934586664,为什么说那年你雷神叔叔选择了弹幕最多的救场方式 #雷神 #复仇者联盟 #漫威 #充能计划,私藏月色i,其他,,最强复仇者,其他,3周前·安徽,0,,,一级评论,user_59bd2d92a4e09124,2026-09-11T14:00:49+08:00
https://v.douyin.com/VbdgIrHokHM/ 12/04 :5pm XMJ:/ J@V.Lw,7675895658934586664,为什么说那年你雷神叔叔选择了弹幕最多的救场方式 #雷神 #复仇者联盟 #漫威 #充能计划,私藏月色i,其他,,两眼冒蓝光的时候真的帅,其他,3周前·甘肃,0,,,一级评论,user_0c570b366e7c03b8,2026-09-11T14:00:49+08:00
https://v.douyin.com/VbdgIrHokHM/ 12/04 :5pm XMJ:/ J@V.Lw,7675895658934586664,为什么说那年你雷神叔叔选择了弹幕最多的救场方式 #雷神 #复仇者联盟 #漫威 #充能计划,私藏月色i,其他,,复联三是最好看的一部,其他,3周前·河北,0,,,一级评论,user_bb1bf0545540c83f,2026-09-11T14:00:49+08:00
https://v.douyin.com/VbdgIrHokHM/ 12/04 :5pm XMJ:/ J@V.Lw,7675895658934586664,为什么说那年你雷神叔叔选择了弹幕最多的救场方式 #雷神 #复仇者联盟 #漫威 #充能计划,私藏月色i,其他,,兔子和树人：咱们三真强,其他,6天前·广东,5,,,一级评论,user_3087d258bbf1c932,2026-09-11T14:01:04+08:00
https://v.douyin.com/VbdgIrHokHM/ 12/04 :5pm XMJ:/ J@V.Lw,7675895658934586664,为什么说那年你雷神叔叔选择了弹幕最多的救场方式 #雷神 #复仇者联盟 #漫威 #充能计划,私藏月色i,其他,,黑矮星这时候怎么不过来接雷神这一锤,其他,3周前·北京,0,,,一级评论,user_9bbf50d52ee3bf74,2026-09-11T14:01:41+08:00
https://v.douyin.com/VbdgIrHokHM/ 12/04 :5pm XMJ:/ J@V.Lw,7675895658934586664,为什么说那年你雷神叔叔选择了弹幕最多的救场方式 #雷神 #复仇者联盟 #漫威 #充能计划,私藏月色i,其他,,雷神帅炸了,其他,3周前·湖南,0,,,一级评论,user_243b028ed5d5626f,2026-09-11T14:01:41+08:00
https://v.douyin.com/VbdgIrHokHM/ 12/04 :5pm XMJ:/ J@V.Lw,7675895658934586664,为什么说那年你雷神叔叔选择了弹幕最多的救场方式 #雷神 #复仇者联盟 #漫威 #充能计划,私藏月色i,其他,,复联三雷神救场时飞天遁地，你看复联四胖成那死样，跳都跳不起来,其他,3周前·江西,0,,,一级评论,user_cdd6800bd0dd11aa,2026-09-11T14:01:41+08:00
https://v.douyin.com/VbdgIrHokHM/ 12/04 :5pm XMJ:/ J@V.Lw,7675895658934586664,为什么说那年你雷神叔叔选择了弹幕最多的救场方式 #雷神 #复仇者联盟 #漫威 #充能计划,私藏月色i,其他,,为啥一开始打不过灭霸,其他,3周前·山东,0,5,,一级评论,user_6814be0243289784,2026-09-11T14:01:42+08:00
https://v.douyin.com/VbdgIrHokHM/ 12/04 :5pm XMJ:/ J@V.Lw,7675895658934586664,为什么说那年你雷神叔叔选择了弹幕最多的救场方式 #雷神 #复仇者联盟 #漫威 #充能计划,私藏月色i,其他,,雷神是,其他,3周前·四川,0,,,一级评论,user_944ef0d2df75bd34,2026-09-11T14:01:42+08:00
https://v.douyin.com/VbdgIrHokHM/ 12/04 :5pm XMJ:/ J@V.Lw,7675895658934586664,为什么说那年你雷神叔叔选择了弹幕最多的救场方式 #雷神 #复仇者联盟 #漫威 #充能计划,私藏月色i,其他,,复联里不是科技就是变异，只有雷神叔叔是个神,其他,3周前·广东,0,,,一级评论,user_36594a7ea5136ee1,2026-09-11T14:01:42+08:00
https://v.douyin.com/VbdgIrHokHM/ 12/04 :5pm XMJ:/ J@V.Lw,7675895658934586664,为什么说那年你雷神叔叔选择了弹幕最多的救场方式 #雷神 #复仇者联盟 #漫威 #充能计划,私藏月色i,其他,,厉害,其他,3周前·广东,0,,,一级评论,user_ebc01e3cb3c10df5,2026-09-11T14:01:42+08:00
https://v.douyin.com/VbdgIrHokHM/ 12/04 :5pm XMJ:/ J@V.Lw,7675895658934586664,为什么说那年你雷神叔叔选择了弹幕最多的救场方式 #雷神 #复仇者联盟 #漫威 #充能计划,私藏月色i,其他,,爱，斑鸠,其他,3周前·云南,0,,,一级评论,user_953de24697b5264f,2026-09-11T14:01:42+08:00
https://v.douyin.com/VbdgIrHokHM/ 12/04 :5pm XMJ:/ J@V.Lw,7675895658934586664,为什么说那年你雷神叔叔选择了弹幕最多的救场方式 #雷神 #复仇者联盟 #漫威 #充能计划,私藏月色i,其他,,王从天降,其他,3周前·河北,0,,,一级评论,user_542bc94e1ac8b901,2026-09-11T14:01:42+08:00
https://v.douyin.com/VbdgIrHokHM/ 12/04 :5pm XMJ:/ J@V.Lw,7675895658934586664,为什么说那年你雷神叔叔选择了弹幕最多的救场方式 #雷神 #复仇者联盟 #漫威 #充能计划,私藏月色i,其他,,浩克穿着反浩克战甲,其他,3周前·山东,0,,,一级评论,user_bc8f82b87eda3177,2026-09-11T14:02:33+08:00
https://v.douyin.com/VbdgIrHokHM/ 12/04 :5pm XMJ:/ J@V.Lw,7675895658934586664,为什么说那年你雷神叔叔选择了弹幕最多的救场方式 #雷神 #复仇者联盟 #漫威 #充能计划,私藏月色i,其他,,暴风战斧跟永恒之枪同级别,其他,3周前·广西,0,,,一级评论,user_26adf8c7bce60de2,2026-09-11T14:02:33+08:00
https://v.douyin.com/VbdgIrHokHM/ 12/04 :5pm XMJ:/ J@V.Lw,7675895658934586664,为什么说那年你雷神叔叔选择了弹幕最多的救场方式 #雷神 #复仇者联盟 #漫威 #充能计划,私藏月色i,其他,,灭霸：你应该砍我的头,分享经历,3周前·吉林,0,,,一级评论,user_9122703ff28c92f4,2026-09-11T14:02:33+08:00
https://v.douyin.com/VbdgIrHokHM/ 12/04 :5pm XMJ:/ J@V.Lw,7675895658934586664,为什么说那年你雷神叔叔选择了弹幕最多的救场方式 #雷神 #复仇者联盟 #漫威 #充能计划,私藏月色i,其他,,雷神那可是一个正儿八经的神，还拥有雷霆之力，手握暴风战斧,其他,3周前·山西,0,,,一级评论,user_f81cbda1d3dddcd8,2026-09-11T14:02:33+08:00
https://v.douyin.com/VbdgIrHokHM/ 12/04 :5pm XMJ:/ J@V.Lw,7675895658934586664,为什么说那年你雷神叔叔选择了弹幕最多的救场方式 #雷神 #复仇者联盟 #漫威 #充能计划,私藏月色i,其他,,人未到斧先至？,其他,3周前·上海,0,,,一级评论,user_0413f7a1bc1f50fc,2026-09-11T14:02:34+08:00
https://v.douyin.com/VbdgIrHokHM/ 12/04 :5pm XMJ:/ J@V.Lw,7675895658934586664,为什么说那年你雷神叔叔选择了弹幕最多的救场方式 #雷神 #复仇者联盟 #漫威 #充能计划,私藏月色i,其他,,但复联三里面确实是最强的，惊奇队长不在地球，旺达在忙其他的，所以可以说是最强复仇者还在持续变强,其他,3周前·山东,0,,,一级评论,user_91c6c51eb70fa3a3,2026-09-11T14:02:34+08:00
https://v.douyin.com/VbdgIrHokHM/ 12/04 :5pm XMJ:/ J@V.Lw,7675895658934586664,为什么说那年你雷神叔叔选择了弹幕最多的救场方式 #雷神 #复仇者联盟 #漫威 #充能计划,私藏月色i,其他,,最强复仇者正在变强中,其他,3周前·江西,0,,,一级评论,user_df662fe0a648c213,2026-09-11T14:02:34+08:00
https://v.douyin.com/VbdgIrHokHM/ 12/04 :5pm XMJ:/ J@V.Lw,7675895658934586664,为什么说那年你雷神叔叔选择了弹幕最多的救场方式 #雷神 #复仇者联盟 #漫威 #充能计划,私藏月色i,其他,,Strongest avenger！,其他,3周前·北京,0,,,一级评论,user_4334bccd5c0d6c8d,2026-09-11T14:02:34+08:00
https://v.douyin.com/VbdgIrHokHM/ 12/04 :5pm XMJ:/ J@V.Lw,7675895658934586664,为什么说那年你雷神叔叔选择了弹幕最多的救场方式 #雷神 #复仇者联盟 #漫威 #充能计划,私藏月色i,其他,,什么雷神，全屏闪电都不会放。弱爆了。,其他,3周前·北京,0,,,一级评论,user_a4496061169f495f,2026-09-11T14:02:34+08:00
https://v.douyin.com/VbdgIrHokHM/ 12/04 :5pm XMJ:/ J@V.Lw,7675895658934586664,为什么说那年你雷神叔叔选择了弹幕最多的救场方式 #雷神 #复仇者联盟 #漫威 #充能计划,私藏月色i,其他,,以雷霆击碎黑暗！！！,其他,3周前·江西,0,,,一级评论,user_aaf3fa0e8c033547,2026-09-11T14:03:33+08:00
https://v.douyin.com/VbdgIrHokHM/ 12/04 :5pm XMJ:/ J@V.Lw,7675895658934586664,为什么说那年你雷神叔叔选择了弹幕最多的救场方式 #雷神 #复仇者联盟 #漫威 #充能计划,私藏月色i,其他,,@zzhang 青春完全..,其他,3周前·广东,0,,,一级评论,user_06176077e1e43d04,2026-09-11T14:03:33+08:00
https://v.douyin.com/VbdgIrHokHM/ 12/04 :5pm XMJ:/ J@V.Lw,7675895658934586664,为什么说那年你雷神叔叔选择了弹幕最多的救场方式 #雷神 #复仇者联盟 #漫威 #充能计划,私藏月色i,其他,,@我们不要说话了,其他,3周前·河南,0,1,,一级评论,user_e0080e81632696ad,2026-09-11T14:03:33+08:00
https://v.douyin.com/VbdgIrHokHM/ 12/04 :5pm XMJ:/ J@V.Lw,7675895658934586664,为什么说那年你雷神叔叔选择了弹幕最多的救场方式 #雷神 #复仇者联盟 #漫威 #充能计划,私藏月色i,其他,,雷神可是神,其他,3周前·山东,0,,,一级评论,user_d1e2390980d7026e,2026-09-11T14:03:33+08:00
https://v.douyin.com/VbdgIrHokHM/ 12/04 :5pm XMJ:/ J@V.Lw,7675895658934586664,为什么说那年你雷神叔叔选择了弹幕最多的救场方式 #雷神 #复仇者联盟 #漫威 #充能计划,私藏月色i,其他,,别忘了他可是神真神,其他,3周前·山东,0,,,一级评论,user_84e4669721993c27,2026-09-11T14:03:34+08:00
https://v.douyin.com/VbdgIrHokHM/ 12/04 :5pm XMJ:/ J@V.Lw,7675895658934586664,为什么说那年你雷神叔叔选择了弹幕最多的救场方式 #雷神 #复仇者联盟 #漫威 #充能计划,私藏月色i,其他,,灭霸差点就废了,其他,3周前·广东,0,,,一级评论,user_6cf006725b4fd743,2026-09-11T14:03:34+08:00
https://v.douyin.com/VbdgIrHokHM/ 12/04 :5pm XMJ:/ J@V.Lw,7675895658934586664,为什么说那年你雷神叔叔选择了弹幕最多的救场方式 #雷神 #复仇者联盟 #漫威 #充能计划,私藏月色i,其他,,mj,其他,3周前·江西,0,,,一级评论,user_a9941812c63287c4,2026-09-11T14:03:34+08:00
https://v.douyin.com/VbdgIrHokHM/ 12/04 :5pm XMJ:/ J@V.Lw,7675895658934586664,为什么说那年你雷神叔叔选择了弹幕最多的救场方式 #雷神 #复仇者联盟 #漫威 #充能计划,私藏月色i,其他,,@.x @∞ @K @青,其他,3周前·广东,0,,,一级评论,user_24d0ae2f2c5ba6ce,2026-09-11T14:03:34+08:00
https://v.douyin.com/VbdgIrHokHM/ 12/04 :5pm XMJ:/ J@V.Lw,7675895658934586664,为什么说那年你雷神叔叔选择了弹幕最多的救场方式 #雷神 #复仇者联盟 #漫威 #充能计划,私藏月色i,其他,,那一砸地，砍中了多少男人的心坎上了，绝了！,其他,3周前·广东,0,,,一级评论,user_49e4ad18d1dc4617,2026-09-11T14:03:34+08:00
https://v.douyin.com/VbdgIrHokHM/ 12/04 :5pm XMJ:/ J@V.Lw,7675895658934586664,为什么说那年你雷神叔叔选择了弹幕最多的救场方式 #雷神 #复仇者联盟 #漫威 #充能计划,私藏月色i,其他,,雷霆万钧。,其他,3周前·辽宁,0,,,一级评论,user_4b725725a3745c0e,2026-09-11T14:04:29+08:00
https://v.douyin.com/VbdgIrHokHM/ 12/04 :5pm XMJ:/ J@V.Lw,7675895658934586664,为什么说那年你雷神叔叔选择了弹幕最多的救场方式 #雷神 #复仇者联盟 #漫威 #充能计划,私藏月色i,其他,,打团战就得要雷叔叔这种超大范围清兵aoe太爽了,其他,3周前·广西,0,,,一级评论,user_c528d6261b375dc4,2026-09-11T14:04:30+08:00
https://v.douyin.com/VbdgIrHokHM/ 12/04 :5pm XMJ:/ J@V.Lw,7675895658934586664,为什么说那年你雷神叔叔选择了弹幕最多的救场方式 #雷神 #复仇者联盟 #漫威 #充能计划,私藏月色i,其他,,骗你的，其实是司空震大招,其他,3周前·安徽,0,,,一级评论,user_769dea38f26df0c1,2026-09-11T14:04:35+08:00
https://v.douyin.com/VbdgIrHokHM/ 12/04 :5pm XMJ:/ J@V.Lw,7675895658934586664,为什么说那年你雷神叔叔选择了弹幕最多的救场方式 #雷神 #复仇者联盟 #漫威 #充能计划,私藏月色i,其他,,可以呀,其他,3周前·西藏,0,,,一级评论,user_8fb8867b5c41be1b,2026-09-11T14:04:35+08:00
https://v.douyin.com/VbdgIrHokHM/ 12/04 :5pm XMJ:/ J@V.Lw,7675895658934586664,为什么说那年你雷神叔叔选择了弹幕最多的救场方式 #雷神 #复仇者联盟 #漫威 #充能计划,私藏月色i,其他,,蹦山击起手,其他,3周前·北京,0,,,一级评论,user_4ad40d34c3b8697c,2026-09-11T14:04:35+08:00
https://v.douyin.com/VbdgIrHokHM/ 12/04 :5pm XMJ:/ J@V.Lw,7675895658934586664,为什么说那年你雷神叔叔选择了弹幕最多的救场方式 #雷神 #复仇者联盟 #漫威 #充能计划,私藏月色i,其他,,这个帅的太离谱了,其他,3周前·天津,0,,,一级评论,user_599e1aab63c2fb81,2026-09-11T14:04:35+08:00
https://v.douyin.com/VbdgIrHokHM/ 12/04 :5pm XMJ:/ J@V.Lw,7675895658934586664,为什么说那年你雷神叔叔选择了弹幕最多的救场方式 #雷神 #复仇者联盟 #漫威 #充能计划,私藏月色i,其他,,真男人,其他,3周前·湖南,0,,,一级评论,user_a107be8dd098bdea,2026-09-11T14:04:35+08:00
https://v.douyin.com/VbdgIrHokHM/ 12/04 :5pm XMJ:/ J@V.Lw,7675895658934586664,为什么说那年你雷神叔叔选择了弹幕最多的救场方式 #雷神 #复仇者联盟 #漫威 #充能计划,私藏月色i,其他,,就这么点雷 也敢说自己是雷神  感觉跟石坚大师兄差不多,其他,3周前·北京,0,,,一级评论,user_ee472d0423ebf9b1,2026-09-11T14:04:35+08:00
https://v.douyin.com/VbdgIrHokHM/ 12/04 :5pm XMJ:/ J@V.Lw,7675895658934586664,为什么说那年你雷神叔叔选择了弹幕最多的救场方式 #雷神 #复仇者联盟 #漫威 #充能计划,私藏月色i,其他,,洛基装死的,其他,3周前·北京,0,,,一级评论,user_0d233111399f79db,2026-09-11T14:04:35+08:00
https://v.douyin.com/VbdgIrHokHM/ 12/04 :5pm XMJ:/ J@V.Lw,7675895658934586664,为什么说那年你雷神叔叔选择了弹幕最多的救场方式 #雷神 #复仇者联盟 #漫威 #充能计划,私藏月色i,其他,,当时看真的以为雷神能给灭霸直接噶了,其他,3周前·安徽,0,,,一级评论,user_2eb246a15d1ca99c,2026-09-11T14:04:35+08:00
https://v.douyin.com/VbdgIrHokHM/ 12/04 :5pm XMJ:/ J@V.Lw,7675895658934586664,为什么说那年你雷神叔叔选择了弹幕最多的救场方式 #雷神 #复仇者联盟 #漫威 #充能计划,私藏月色i,其他,,因为他是真神,其他,3周前·新疆,0,,,一级评论,user_deef5e262adb629d,2026-09-11T14:05:30+08:00
https://v.douyin.com/VbdgIrHokHM/ 12/04 :5pm XMJ:/ J@V.Lw,7675895658934586664,为什么说那年你雷神叔叔选择了弹幕最多的救场方式 #雷神 #复仇者联盟 #漫威 #充能计划,私藏月色i,其他,,很像司空震升空拿一下霸气,其他,3周前·江苏,0,2,,一级评论,user_ec38046448439827,2026-09-11T14:05:30+08:00
https://v.douyin.com/VbdgIrHokHM/ 12/04 :5pm XMJ:/ J@V.Lw,7675895658934586664,为什么说那年你雷神叔叔选择了弹幕最多的救场方式 #雷神 #复仇者联盟 #漫威 #充能计划,私藏月色i,其他,,帅,其他,3周前·陕西,0,,,一级评论,user_97d79bbf672ca3a4,2026-09-11T14:05:30+08:00
https://v.douyin.com/VbdgIrHokHM/ 12/04 :5pm XMJ:/ J@V.Lw,7675895658934586664,为什么说那年你雷神叔叔选择了弹幕最多的救场方式 #雷神 #复仇者联盟 #漫威 #充能计划,私藏月色i,其他,,答应我，无论什么时候看到这条评论，都叫我去喝水，可以吗,其他,3周前·河南,0,,,一级评论,user_ac007e690142cb41,2026-09-11T14:05:30+08:00
https://v.douyin.com/VbdgIrHokHM/ 12/04 :5pm XMJ:/ J@V.Lw,7675895658934586664,为什么说那年你雷神叔叔选择了弹幕最多的救场方式 #雷神 #复仇者联盟 #漫威 #充能计划,私藏月色i,其他,,红色高跟鞋不打低端局。,其他,3周前·广东,0,,,一级评论,user_1f87666760341e7e,2026-09-11T14:05:30+08:00
https://v.douyin.com/VbdgIrHokHM/ 12/04 :5pm XMJ:/ J@V.Lw,7675895658934586664,为什么说那年你雷神叔叔选择了弹幕最多的救场方式 #雷神 #复仇者联盟 #漫威 #充能计划,私藏月色i,其他,,年仅10岁小小的老子在影院看得热血沸腾,其他,3周前·陕西,0,,,一级评论,user_3b92205483523a77,2026-09-11T14:05:30+08:00
https://v.douyin.com/VbdgIrHokHM/ 12/04 :5pm XMJ:/ J@V.Lw,7675895658934586664,为什么说那年你雷神叔叔选择了弹幕最多的救场方式 #雷神 #复仇者联盟 #漫威 #充能计划,私藏月色i,其他,,可惜选错了战场,其他,3周前·陕西,0,,,一级评论,user_e8703a993ebda3db,2026-09-11T14:05:30+08:00
https://v.douyin.com/VbdgIrHokHM/ 12/04 :5pm XMJ:/ J@V.Lw,7675895658934586664,为什么说那年你雷神叔叔选择了弹幕最多的救场方式 #雷神 #复仇者联盟 #漫威 #充能计划,私藏月色i,其他,,战力巅峰,其他,3周前·江西,0,,,一级评论,user_d072e69da8b0f3ca,2026-09-11T14:05:30+08:00
https://v.douyin.com/VbdgIrHokHM/ 12/04 :5pm XMJ:/ J@V.Lw,7675895658934586664,为什么说那年你雷神叔叔选择了弹幕最多的救场方式 #雷神 #复仇者联盟 #漫威 #充能计划,私藏月色i,其他,,为了北方神的荣誉！,其他,3周前·重庆,0,,,一级评论,user_d9ec03c8fba05b45,2026-09-11T14:05:30+08:00
https://v.douyin.com/VbdgIrHokHM/ 12/04 :5pm XMJ:/ J@V.Lw,7675895658934586664,为什么说那年你雷神叔叔选择了弹幕最多的救场方式 #雷神 #复仇者联盟 #漫威 #充能计划,私藏月色i,其他,,aoe就是清屏快,其他,3周前·江西,0,,,一级评论,user_54109ea2ad65f822,2026-09-11T14:05:30+08:00
https://v.douyin.com/VbdgIrHokHM/ 12/04 :5pm XMJ:/ J@V.Lw,7675895658934586664,为什么说那年你雷神叔叔选择了弹幕最多的救场方式 #雷神 #复仇者联盟 #漫威 #充能计划,私藏月色i,其他,,雷神家人只剩自己一个了,其他,3周前·云南,0,,,一级评论,user_30d452b041e3de95,2026-09-11T14:06:34+08:00
https://v.douyin.com/VbdgIrHokHM/ 12/04 :5pm XMJ:/ J@V.Lw,7675895658934586664,为什么说那年你雷神叔叔选择了弹幕最多的救场方式 #雷神 #复仇者联盟 #漫威 #充能计划,私藏月色i,其他,,怎么全是这种流水线式的剪辑和音乐,其他,3周前·广东,0,,,一级评论,user_edd3ee6577aa9721,2026-09-11T14:06:34+08:00
https://v.douyin.com/VbdgIrHokHM/ 12/04 :5pm XMJ:/ J@V.Lw,7675895658934586664,为什么说那年你雷神叔叔选择了弹幕最多的救场方式 #雷神 #复仇者联盟 #漫威 #充能计划,私藏月色i,其他,,人未到 斧子先到,其他,3周前·云南,0,,,一级评论,user_5909f65cee7a8a8a,2026-09-11T14:06:35+08:00
https://v.douyin.com/VbdgIrHokHM/ 12/04 :5pm XMJ:/ J@V.Lw,7675895658934586664,为什么说那年你雷神叔叔选择了弹幕最多的救场方式 #雷神 #复仇者联盟 #漫威 #充能计划,私藏月色i,其他,,@千心,其他,3周前·山西,0,,,一级评论,user_57776f76bbaaf2b9,2026-09-11T14:06:35+08:00
https://v.douyin.com/VbdgIrHokHM/ 12/04 :5pm XMJ:/ J@V.Lw,7675895658934586664,为什么说那年你雷神叔叔选择了弹幕最多的救场方式 #雷神 #复仇者联盟 #漫威 #充能计划,私藏月色i,其他,,复联五雷神是最强的可惜被毁灭博士一招秒了,其他,3周前·黑龙江,0,,,一级评论,user_18f550215d671f32,2026-09-11T14:06:35+08:00
https://v.douyin.com/VbdgIrHokHM/ 12/04 :5pm XMJ:/ J@V.Lw,7675895658934586664,为什么说那年你雷神叔叔选择了弹幕最多的救场方式 #雷神 #复仇者联盟 #漫威 #充能计划,私藏月色i,其他,,太他妈帅了,其他,3周前·广东,0,,,一级评论,user_de8055d0e0a13619,2026-09-11T14:06:35+08:00
https://v.douyin.com/VbdgIrHokHM/ 12/04 :5pm XMJ:/ J@V.Lw,7675895658934586664,为什么说那年你雷神叔叔选择了弹幕最多的救场方式 #雷神 #复仇者联盟 #漫威 #充能计划,私藏月色i,其他,,破坏力太小了,其他,3周前·山西,0,,,一级评论,user_45404806b901d54a,2026-09-11T14:06:35+08:00
https://v.douyin.com/VbdgIrHokHM/ 12/04 :5pm XMJ:/ J@V.Lw,7675895658934586664,为什么说那年你雷神叔叔选择了弹幕最多的救场方式 #雷神 #复仇者联盟 #漫威 #充能计划,私藏月色i,其他,,这视频开头选来选去开场有点招笑了,其他,3周前·江苏,0,,,一级评论,user_d534995873eae327,2026-09-11T14:06:35+08:00
https://v.douyin.com/VbdgIrHokHM/ 12/04 :5pm XMJ:/ J@V.Lw,7675895658934586664,为什么说那年你雷神叔叔选择了弹幕最多的救场方式 #雷神 #复仇者联盟 #漫威 #充能计划,私藏月色i,其他,,来个巴西的妞,其他,3周前·北京,0,,,一级评论,user_46a00b4f582e3bfa,2026-09-11T14:06:35+08:00
https://v.douyin.com/VbdgIrHokHM/ 12/04 :5pm XMJ:/ J@V.Lw,7675895658934586664,为什么说那年你雷神叔叔选择了弹幕最多的救场方式 #雷神 #复仇者联盟 #漫威 #充能计划,私藏月色i,其他,,我看到保安辣,其他,3周前·河北,0,,,一级评论,user_817b81bdb3ec67b4,2026-09-11T14:06:35+08:00
https://v.douyin.com/VbdgIrHokHM/ 12/04 :5pm XMJ:/ J@V.Lw,7675895658934586664,为什么说那年你雷神叔叔选择了弹幕最多的救场方式 #雷神 #复仇者联盟 #漫威 #充能计划,私藏月色i,其他,,阿斯加德人都被灭霸杀了 怎么还有一半人到地球去了啊,其他,3周前·江西,0,3,,一级评论,user_dbb75f0cefcc6e19,2026-09-11T14:07:33+08:00
https://v.douyin.com/VbdgIrHokHM/ 12/04 :5pm XMJ:/ J@V.Lw,7675895658934586664,为什么说那年你雷神叔叔选择了弹幕最多的救场方式 #雷神 #复仇者联盟 #漫威 #充能计划,私藏月色i,其他,,复联都来了,其他,3周前·福建,0,,,一级评论,user_7a312b01852302b1,2026-09-11T14:07:33+08:00
https://v.douyin.com/VbdgIrHokHM/ 12/04 :5pm XMJ:/ J@V.Lw,7675895658934586664,为什么说那年你雷神叔叔选择了弹幕最多的救场方式 #雷神 #复仇者联盟 #漫威 #充能计划,私藏月色i,其他,,打野来了,其他,3周前·河北,0,,,一级评论,user_f06711b406053700,2026-09-11T14:07:33+08:00
https://v.douyin.com/VbdgIrHokHM/ 12/04 :5pm XMJ:/ J@V.Lw,7675895658934586664,为什么说那年你雷神叔叔选择了弹幕最多的救场方式 #雷神 #复仇者联盟 #漫威 #充能计划,私藏月色i,其他,,绝对aoe伤害,其他,3周前·广东,0,,,一级评论,user_0fb7e0889473f6b2,2026-09-11T14:07:33+08:00
https://v.douyin.com/VbdgIrHokHM/ 12/04 :5pm XMJ:/ J@V.Lw,7675895658934586664,为什么说那年你雷神叔叔选择了弹幕最多的救场方式 #雷神 #复仇者联盟 #漫威 #充能计划,私藏月色i,其他,,太燃了，看再多遍都很激动,其他,3周前·山西,0,,,一级评论,user_afaeece0c22c5cac,2026-09-11T14:09:57+08:00
https://v.douyin.com/VbdgIrHokHM/ 12/04 :5pm XMJ:/ J@V.Lw,7675895658934586664,为什么说那年你雷神叔叔选择了弹幕最多的救场方式 #雷神 #复仇者联盟 #漫威 #充能计划,私藏月色i,其他,,有人给我作品点赞吗,其他,6天前·广东,0,,,一级评论,user_ab91ef9a5135ecfd,2026-09-11T14:11:47+08:00
https://v.douyin.com/VbdgIrHokHM/ 12/04 :5pm XMJ:/ J@V.Lw,7675895658934586664,为什么说那年你雷神叔叔选择了弹幕最多的救场方式 #雷神 #复仇者联盟 #漫威 #充能计划,私藏月色i,其他,,不仅雷神是真男人，格鲁特也是纯实木,其他,22小时前·河南,2,,,一级评论,user_d7eef1f4ba2daa42,2026-09-11T14:14:50+08:00
https://v.douyin.com/VbdgIrHokHM/ 12/04 :5pm XMJ:/ J@V.Lw,7675895658934586664,为什么说那年你雷神叔叔选择了弹幕最多的救场方式 #雷神 #复仇者联盟 #漫威 #充能计划,私藏月色i,其他,,"索尔：
雷神之力
众神之王奥丁之子
拥有最纯正的阿斯加德神族血统
目前九大神域之王王座的第一继承人
灭霸：
泰坦星一个劲比较大的紫薯精",其他,3天前·上海,7,1,,一级评论,user_f4a47c7b06e1d288,2026-09-11T14:14:51+08:00
https://v.douyin.com/VbdgIrHokHM/ 12/04 :5pm XMJ:/ J@V.Lw,7675895658934586664,为什么说那年你雷神叔叔选择了弹幕最多的救场方式 #雷神 #复仇者联盟 #漫威 #充能计划,私藏月色i,其他,,这斧头砍完灭霸之后去哪了，复联四好像没见过了,其他,3周前·云南,7,4,,一级评论,user_306d9d9b67cda59b,2026-09-11T14:15:25+08:00
https://v.douyin.com/VbdgIrHokHM/ 12/04 :5pm XMJ:/ J@V.Lw,7675895658934586664,为什么说那年你雷神叔叔选择了弹幕最多的救场方式 #雷神 #复仇者联盟 #漫威 #充能计划,私藏月色i,其他,,一直有个疑问 阿斯加德没了 海姆达尔也死了 彩虹桥是怎么召唤出来的,其他,2周前·湖南,6,2,,一级评论,user_48f7aaa48185c239,2026-09-11T14:18:11+08:00
https://v.douyin.com/VbdgIrHokHM/ 12/04 :5pm XMJ:/ J@V.Lw,7675895658934586664,为什么说那年你雷神叔叔选择了弹幕最多的救场方式 #雷神 #复仇者联盟 #漫威 #充能计划,私藏月色i,其他,,1,其他,3周前·广东,0,,,一级评论,user_53c087d636a276d4,2026-09-11T14:19:05+08:00
https://v.douyin.com/VbdgIrHokHM/ 12/04 :5pm XMJ:/ J@V.Lw,7675895658934586664,为什么说那年你雷神叔叔选择了弹幕最多的救场方式 #雷神 #复仇者联盟 #漫威 #充能计划,私藏月色i,其他,,第一次见因为变胖被削的英雄,其他,3周前·福建,19,8,,一级评论,user_31337ecedf715c91,2026-09-11T14:21:00+08:00
https://v.douyin.com/VbdgIrHokHM/ 12/04 :5pm XMJ:/ J@V.Lw,7675895658934586664,为什么说那年你雷神叔叔选择了弹幕最多的救场方式 #雷神 #复仇者联盟 #漫威 #充能计划,私藏月色i,其他,,国仇家恨，我仍旧认为复3雷神救场是MCU漫威以来最强的场面表现没有之一,其他,3周前·辽宁,0,,,一级评论,user_03def5a7c8985f6e,2026-09-11T14:23:40+08:00
https://v.douyin.com/VbdgIrHokHM/ 12/04 :5pm XMJ:/ J@V.Lw,7675895658934586664,为什么说那年你雷神叔叔选择了弹幕最多的救场方式 #雷神 #复仇者联盟 #漫威 #充能计划,私藏月色i,其他,,复仇者5里面最后的传送门救场，神奇女侠救场也不差,其他,14小时前·新疆,1,,,一级评论,user_6e45dd50ec349db1,2026-09-11T14:25:39+08:00
https://v.douyin.com/VbdgIrHokHM/ 12/04 :5pm XMJ:/ J@V.Lw,7675895658934586664,为什么说那年你雷神叔叔选择了弹幕最多的救场方式 #雷神 #复仇者联盟 #漫威 #充能计划,私藏月色i,其他,,寸头雷神太帅了，可惜后面留长了,其他,3天前·河南,0,,,一级评论,user_132cba8c2e179e07,2026-09-11T14:25:56+08:00
https://v.douyin.com/VbdgIrHokHM/ 12/04 :5pm XMJ:/ J@V.Lw,7675895658934586664,为什么说那年你雷神叔叔选择了弹幕最多的救场方式 #雷神 #复仇者联盟 #漫威 #充能计划,私藏月色i,其他,,为什么彩虹桥不送雷神,其他,18小时前·江苏,0,,,一级评论,user_1fd3060c379f5caf,2026-09-11T14:26:59+08:00
https://v.douyin.com/VbdgIrHokHM/ 12/04 :5pm XMJ:/ J@V.Lw,7675895658934586664,为什么说那年你雷神叔叔选择了弹幕最多的救场方式 #雷神 #复仇者联盟 #漫威 #充能计划,私藏月色i,其他,,索尔惊奇队长绯红女巫 对付灭霸绰绰有余,其他,3天前·山东,2,,,一级评论,user_95ad0b69ac338446,2026-09-11T14:28:56+08:00
https://v.douyin.com/VbdgIrHokHM/ 12/04 :5pm XMJ:/ J@V.Lw,7675895658934586664,为什么说那年你雷神叔叔选择了弹幕最多的救场方式 #雷神 #复仇者联盟 #漫威 #充能计划,私藏月色i,其他,,唐昊belike,其他,3周前·广东,1,,,一级评论,user_733312956e482e52,2026-09-11T14:30:31+08:00
https://v.douyin.com/VbdgIrHokHM/ 12/04 :5pm XMJ:/ J@V.Lw,7675895658934586664,为什么说那年你雷神叔叔选择了弹幕最多的救场方式 #雷神 #复仇者联盟 #漫威 #充能计划,私藏月色i,其他,,其实在那时候的时间线，矮人星在被灭霸大军屠杀的时候，阿斯加德是可以过来帮忙的，纯纯就是没把它放进眼里,其他,20小时前·福建,0,,,一级评论,user_990a31c1db107c00,2026-09-11T14:31:43+08:00
https://v.douyin.com/VbdgIrHokHM/ 12/04 :5pm XMJ:/ J@V.Lw,7675895658934586664,为什么说那年你雷神叔叔选择了弹幕最多的救场方式 #雷神 #复仇者联盟 #漫威 #充能计划,私藏月色i,其他,,为什么最近几个月总是有这种剪辑风格一开始先抛个为什么谁谁谁怎么样  然后来首歌：该怎么形容你最贴切；最后片头的问题到视频结尾也没解答，纯是个电影解说,其他,23小时前·北京,4,3,,一级评论,user_a0ec8fe75d9fee90,2026-09-11T14:35:46+08:00
https://v.douyin.com/VbdgIrHokHM/ 12/04 :5pm XMJ:/ J@V.Lw,7675895658934586664,为什么说那年你雷神叔叔选择了弹幕最多的救场方式 #雷神 #复仇者联盟 #漫威 #充能计划,私藏月色i,其他,,雷神四的雷神都打不过这个时候的雷神,其他,3周前·江西,4,,,一级评论,user_b3ecdf5da7462a74,2026-09-11T14:40:39+08:00
https://v.douyin.com/VbdgIrHokHM/ 12/04 :5pm XMJ:/ J@V.Lw,7675895658934586664,为什么说那年你雷神叔叔选择了弹幕最多的救场方式 #雷神 #复仇者联盟 #漫威 #充能计划,私藏月色i,其他,,这是巅峰时期的雷神再也超越不了,其他,3周前·河北,2,,,一级评论,user_145875f2f1753ec7,2026-09-11T14:42:17+08:00
https://v.douyin.com/VbdgIrHokHM/ 12/04 :5pm XMJ:/ J@V.Lw,7675895658934586664,为什么说那年你雷神叔叔选择了弹幕最多的救场方式 #雷神 #复仇者联盟 #漫威 #充能计划,私藏月色i,其他,,当年看到雷神救场真的以为稳了,其他,2天前·湖北,0,,,一级评论,user_080ea88f229f1a15,2026-09-11T14:45:00+08:00
https://v.douyin.com/VbdgIrHokHM/ 12/04 :5pm XMJ:/ J@V.Lw,7675895658934586664,为什么说那年你雷神叔叔选择了弹幕最多的救场方式 #雷神 #复仇者联盟 #漫威 #充能计划,私藏月色i,其他,,雷神是不是去世了,其他,12小时前·江苏,0,1,,一级评论,user_c68dfe450024dac6,2026-09-11T14:45:29+08:00
https://v.douyin.com/VbdgIrHokHM/ 12/04 :5pm XMJ:/ J@V.Lw,7675895658934586664,为什么说那年你雷神叔叔选择了弹幕最多的救场方式 #雷神 #复仇者联盟 #漫威 #充能计划,私藏月色i,其他,,可惜复联四雷神变成啤酒罐子了，差点被灭霸用着自己的武器单杀，不知道复联五雷神会不会再回巅峰,其他,3周前·陕西,2,,,一级评论,user_9ab00df72470a0be,2026-09-11T14:46:43+08:00
https://v.douyin.com/VbdgIrHokHM/ 12/04 :5pm XMJ:/ J@V.Lw,7675895658934586664,为什么说那年你雷神叔叔选择了弹幕最多的救场方式 #雷神 #复仇者联盟 #漫威 #充能计划,私藏月色i,其他,,可惜喝成啤酒肚了,其他,3周前·江苏,0,,,一级评论,user_d14fef937fa5e845,2026-09-11T14:47:29+08:00
